,fips,cty_name,state,st_name
,,,,US Totals
,,State Totals,AL,Alabama
1,1001,Autauga,AL,Alabama
2,1003,Baldwin,AL,Alabama
3,1005,Barbour,AL,Alabama
4,1007,Bibb,AL,Alabama
5,1009,Blount,AL,Alabama
6,1011,Bullock,AL,Alabama
7,1013,Butler,AL,Alabama
8,1015,Calhoun,AL,Alabama
9,1017,Chambers,AL,Alabama
10,1019,Cherokee,AL,Alabama
11,1021,Chilton,AL,Alabama
12,1023,Choctaw,AL,Alabama
13,1025,Clarke,AL,Alabama
14,1027,Clay,AL,Alabama
15,1029,Cleburne,AL,Alabama
16,1031,Coffee,AL,Alabama
17,1033,Colbert,AL,Alabama
18,1035,Conecuh,AL,Alabama
19,1037,Coosa,AL,Alabama
20,1039,Covington,AL,Alabama
21,1041,Crenshaw,AL,Alabama
22,1043,Cullman,AL,Alabama
23,1045,Dale,AL,Alabama
24,1047,Dallas,AL,Alabama
25,1049,DeKalb,AL,Alabama
26,1051,Elmore,AL,Alabama
27,1053,Escambia,AL,Alabama
28,1055,Etowah,AL,Alabama
29,1057,Fayette,AL,Alabama
30,1059,Franklin,AL,Alabama
31,1061,Geneva,AL,Alabama
32,1063,Greene,AL,Alabama
33,1065,Hale,AL,Alabama
34,1067,Henry,AL,Alabama
35,1069,Houston,AL,Alabama
36,1071,Jackson,AL,Alabama
37,1073,Jefferson,AL,Alabama
38,1075,Lamar,AL,Alabama
39,1077,Lauderdale,AL,Alabama
40,1079,Lawrence,AL,Alabama
41,1081,Lee,AL,Alabama
42,1083,Limestone,AL,Alabama
43,1085,Lowndes,AL,Alabama
44,1087,Macon,AL,Alabama
45,1089,Madison,AL,Alabama
46,1091,Marengo,AL,Alabama
47,1093,Marion,AL,Alabama
48,1095,Marshall,AL,Alabama
49,1097,Mobile,AL,Alabama
50,1099,Monroe,AL,Alabama
51,1101,Montgomery,AL,Alabama
52,1103,Morgan,AL,Alabama
53,1105,Perry,AL,Alabama
54,1107,Pickens,AL,Alabama
55,1109,Pike,AL,Alabama
56,1111,Randolph,AL,Alabama
57,1113,Russell,AL,Alabama
58,1115,St. Clair,AL,Alabama
59,1117,Shelby,AL,Alabama
60,1119,Sumter,AL,Alabama
61,1121,Talladega,AL,Alabama
62,1123,Tallapoosa,AL,Alabama
63,1125,Tuscaloosa,AL,Alabama
64,1127,Walker,AL,Alabama
65,1129,Washington,AL,Alabama
66,1131,Wilcox,AL,Alabama
67,1133,Winston,AL,Alabama
,,State Totals,AK,Alaska
68,2013,Aleutians East Borough,AK,Alaska
69,2016,Aleutians West Census Area,AK,Alaska
70,2020,Anchorage Municipality,AK,Alaska
71,2050,Bethel Census Area,AK,Alaska
72,2060,Bristol Bay Borough,AK,Alaska
73,2068,Denali Borough,AK,Alaska
74,2070,Dillingham Census Area,AK,Alaska
75,2090,Fairbanks North Star Borough,AK,Alaska
76,2100,Haines Borough,AK,Alaska
77,2105,Hoonah-Angoon Census Area,AK,Alaska
78,2110,Juneau City and Borough,AK,Alaska
79,2122,Kenai Peninsula Borough,AK,Alaska
80,2130,Ketchikan Gateway Borough,AK,Alaska
81,2150,Kodiak Island Borough,AK,Alaska
82,2164,Lake and Peninsula Borough,AK,Alaska
83,2170,Matanuska-Susitna Borough,AK,Alaska
84,2180,Nome Census Area,AK,Alaska
85,2185,North Slope Borough,AK,Alaska
86,2188,Northwest Arctic Borough,AK,Alaska
87,2195,Petersburg Borough,AK,Alaska
88,2198,Prince of Wales-Hyder Census Area,AK,Alaska
89,2220,Sitka City and Borough,AK,Alaska
90,2230,Skagway Municipality,AK,Alaska
91,2240,Southeast Fairbanks Census Area,AK,Alaska
92,2261,Valdez-Cordova Census Area,AK,Alaska
93,2270,Wade Hampton Census Area,AK,Alaska
94,2275,Wrangell City and Borough,AK,Alaska
95,2282,Yakutat City and Borough,AK,Alaska
96,2290,Yukon-Koyukuk Census Area,AK,Alaska
,,State Totals,CA,California
97,6001,Alameda,CA,California
98,6003,Alpine,CA,California
99,6005,Amador,CA,California
100,6007,Butte,CA,California
101,6009,Calaveras,CA,California
102,6011,Colusa,CA,California
103,6013,Contra Costa,CA,California
104,6015,Del Norte,CA,California
105,6017,El Dorado,CA,California
106,6019,Fresno,CA,California
107,6021,Glenn,CA,California
108,6023,Humboldt,CA,California
109,6025,Imperial,CA,California
110,6027,Inyo,CA,California
111,6029,Kern,CA,California
112,6031,Kings,CA,California
113,6033,Lake,CA,California
114,6035,Lassen,CA,California
115,6037,Los Angeles,CA,California
116,6039,Madera,CA,California
117,6041,Marin,CA,California
118,6043,Mariposa,CA,California
119,6045,Mendocino,CA,California
120,6047,Merced,CA,California
121,6049,Modoc,CA,California
122,6051,Mono,CA,California
123,6053,Monterey,CA,California
124,6055,Napa,CA,California
125,6057,Nevada,CA,California
126,6059,Orange,CA,California
127,6061,Placer,CA,California
128,6063,Plumas,CA,California
129,6065,Riverside,CA,California
130,6067,Sacramento,CA,California
131,6069,San Benito,CA,California
132,6071,San Bernardino,CA,California
133,6073,San Diego,CA,California
134,6075,San Francisco,CA,California
135,6077,San Joaquin,CA,California
136,6079,San Luis Obispo,CA,California
137,6081,San Mateo,CA,California
138,6083,Santa Barbara,CA,California
139,6085,Santa Clara,CA,California
140,6087,Santa Cruz,CA,California
141,6089,Shasta,CA,California
142,6091,Sierra,CA,California
143,6093,Siskiyou,CA,California
144,6095,Solano,CA,California
145,6097,Sonoma,CA,California
146,6099,Stanislaus,CA,California
147,6101,Sutter,CA,California
148,6103,Tehama,CA,California
149,6105,Trinity,CA,California
150,6107,Tulare,CA,California
151,6109,Tuolumne,CA,California
152,6111,Ventura,CA,California
153,6113,Yolo,CA,California
154,6115,Yuba,CA,California
,,State Totals,CT,Connecticut
155,9001,Fairfield,CT,Connecticut
156,9003,Hartford,CT,Connecticut
157,9005,Litchfield,CT,Connecticut
158,9007,Middlesex,CT,Connecticut
159,9009,New Haven,CT,Connecticut
160,9011,New London,CT,Connecticut
161,9013,Tolland,CT,Connecticut
162,9015,Windham,CT,Connecticut
,,State Totals,DE,Delaware
163,10001,Kent,DE,Delaware
164,10003,New Castle,DE,Delaware
165,10005,Sussex,DE,Delaware
166,12001,Alachua,FL,Florida
167,12003,Baker,FL,Florida
168,12005,Bay,FL,Florida
169,12007,Bradford,FL,Florida
170,12009,Brevard,FL,Florida
171,12011,Broward,FL,Florida
172,12013,Calhoun,FL,Florida
173,12015,Charlotte,FL,Florida
174,12017,Citrus,FL,Florida
175,12019,Clay,FL,Florida
176,12021,Collier,FL,Florida
177,12023,Columbia,FL,Florida
178,12027,DeSoto,FL,Florida
179,12029,Dixie,FL,Florida
180,12031,Duval,FL,Florida
181,12033,Escambia,FL,Florida
182,12035,Flagler,FL,Florida
183,12037,Franklin,FL,Florida
184,12039,Gadsden,FL,Florida
185,12041,Gilchrist,FL,Florida
186,12043,Glades,FL,Florida
187,12045,Gulf,FL,Florida
188,12047,Hamilton,FL,Florida
189,12049,Hardee,FL,Florida
190,12051,Hendry,FL,Florida
191,12053,Hernando,FL,Florida
192,12055,Highlands,FL,Florida
193,12057,Hillsborough,FL,Florida
194,12059,Holmes,FL,Florida
195,12061,Indian River,FL,Florida
196,12063,Jackson,FL,Florida
197,12065,Jefferson,FL,Florida
198,12067,Lafayette,FL,Florida
199,12069,Lake,FL,Florida
200,12071,Lee,FL,Florida
201,12073,Leon,FL,Florida
202,12075,Levy,FL,Florida
203,12077,Liberty,FL,Florida
204,12079,Madison,FL,Florida
205,12081,Manatee,FL,Florida
206,12083,Marion,FL,Florida
207,12085,Martin,FL,Florida
208,12086,Miami-Dade,FL,Florida
209,12087,Monroe,FL,Florida
210,12089,Nassau,FL,Florida
211,12091,Okaloosa,FL,Florida
212,12093,Okeechobee,FL,Florida
213,12095,Orange,FL,Florida
214,12097,Osceola,FL,Florida
215,12099,Palm Beach,FL,Florida
216,12101,Pasco,FL,Florida
217,12103,Pinellas,FL,Florida
218,12105,Polk,FL,Florida
219,12107,Putnam,FL,Florida
220,12109,St. Johns,FL,Florida
221,12111,St. Lucie,FL,Florida
222,12113,Santa Rosa,FL,Florida
223,12115,Sarasota,FL,Florida
224,12117,Seminole,FL,Florida
225,12119,Sumter,FL,Florida
226,12121,Suwannee,FL,Florida
227,12123,Taylor,FL,Florida
228,12125,Union,FL,Florida
229,12127,Volusia,FL,Florida
230,12129,Wakulla,FL,Florida
231,12131,Walton,FL,Florida
232,12133,Washington,FL,Florida
,,State Totals,FL,Florida
,,State Totals,GA,Georgia
233,13001,Appling,GA,Georgia
234,13003,Atkinson,GA,Georgia
235,13005,Bacon,GA,Georgia
236,13007,Baker,GA,Georgia
237,13009,Baldwin,GA,Georgia
238,13011,Banks,GA,Georgia
239,13013,Barrow,GA,Georgia
240,13015,Bartow,GA,Georgia
241,13017,Ben Hill,GA,Georgia
242,13019,Berrien,GA,Georgia
243,13021,Bibb,GA,Georgia
244,13023,Bleckley,GA,Georgia
245,13025,Brantley,GA,Georgia
246,13027,Brooks,GA,Georgia
247,13029,Bryan,GA,Georgia
248,13031,Bulloch,GA,Georgia
249,13033,Burke,GA,Georgia
250,13035,Butts,GA,Georgia
251,13037,Calhoun,GA,Georgia
252,13039,Camden,GA,Georgia
253,13043,Candler,GA,Georgia
254,13045,Carroll,GA,Georgia
255,13047,Catoosa,GA,Georgia
256,13049,Charlton,GA,Georgia
257,13051,Chatham,GA,Georgia
258,13053,Chattahoochee,GA,Georgia
259,13055,Chattooga,GA,Georgia
260,13057,Cherokee,GA,Georgia
261,13059,Clarke,GA,Georgia
262,13061,Clay,GA,Georgia
263,13063,Clayton,GA,Georgia
264,13065,Clinch,GA,Georgia
265,13067,Cobb,GA,Georgia
266,13069,Coffee,GA,Georgia
267,13071,Colquitt,GA,Georgia
268,13073,Columbia,GA,Georgia
269,13075,Cook,GA,Georgia
270,13077,Coweta,GA,Georgia
271,13079,Crawford,GA,Georgia
272,13081,Crisp,GA,Georgia
273,13083,Dade,GA,Georgia
274,13085,Dawson,GA,Georgia
275,13087,Decatur,GA,Georgia
276,13089,DeKalb,GA,Georgia
277,13091,Dodge,GA,Georgia
278,13093,Dooly,GA,Georgia
279,13095,Dougherty,GA,Georgia
280,13097,Douglas,GA,Georgia
281,13099,Early,GA,Georgia
282,13101,Echols,GA,Georgia
283,13103,Effingham,GA,Georgia
284,13105,Elbert,GA,Georgia
285,13107,Emanuel,GA,Georgia
286,13109,Evans,GA,Georgia
287,13111,Fannin,GA,Georgia
288,13113,Fayette,GA,Georgia
289,13115,Floyd,GA,Georgia
290,13117,Forsyth,GA,Georgia
291,13119,Franklin,GA,Georgia
292,13121,Fulton,GA,Georgia
293,13123,Gilmer,GA,Georgia
294,13125,Glascock,GA,Georgia
295,13127,Glynn,GA,Georgia
296,13129,Gordon,GA,Georgia
297,13131,Grady,GA,Georgia
298,13133,Greene,GA,Georgia
299,13135,Gwinnett,GA,Georgia
300,13137,Habersham,GA,Georgia
301,13139,Hall,GA,Georgia
302,13141,Hancock,GA,Georgia
303,13143,Haralson,GA,Georgia
304,13145,Harris,GA,Georgia
305,13147,Hart,GA,Georgia
306,13149,Heard,GA,Georgia
307,13151,Henry,GA,Georgia
308,13153,Houston,GA,Georgia
309,13155,Irwin,GA,Georgia
310,13157,Jackson,GA,Georgia
311,13159,Jasper,GA,Georgia
312,13161,Jeff Davis,GA,Georgia
313,13163,Jefferson,GA,Georgia
314,13165,Jenkins,GA,Georgia
315,13167,Johnson,GA,Georgia
316,13169,Jones,GA,Georgia
317,13171,Lamar,GA,Georgia
318,13173,Lanier,GA,Georgia
319,13175,Laurens,GA,Georgia
320,13177,Lee,GA,Georgia
321,13179,Liberty,GA,Georgia
322,13181,Lincoln,GA,Georgia
323,13183,Long,GA,Georgia
324,13185,Lowndes,GA,Georgia
325,13187,Lumpkin,GA,Georgia
326,13189,McDuffie,GA,Georgia
327,13191,McIntosh,GA,Georgia
328,13193,Macon,GA,Georgia
329,13195,Madison,GA,Georgia
330,13197,Marion,GA,Georgia
331,13199,Meriwether,GA,Georgia
332,13201,Miller,GA,Georgia
333,13205,Mitchell,GA,Georgia
334,13207,Monroe,GA,Georgia
335,13209,Montgomery,GA,Georgia
336,13211,Morgan,GA,Georgia
337,13213,Murray,GA,Georgia
338,13215,Muscogee,GA,Georgia
339,13217,Newton,GA,Georgia
340,13219,Oconee,GA,Georgia
341,13221,Oglethorpe,GA,Georgia
342,13223,Paulding,GA,Georgia
343,13225,Peach,GA,Georgia
344,13227,Pickens,GA,Georgia
345,13229,Pierce,GA,Georgia
346,13231,Pike,GA,Georgia
347,13233,Polk,GA,Georgia
348,13235,Pulaski,GA,Georgia
349,13237,Putnam,GA,Georgia
350,13239,Quitman,GA,Georgia
351,13241,Rabun,GA,Georgia
352,13243,Randolph,GA,Georgia
353,13245,Richmond,GA,Georgia
354,13247,Rockdale,GA,Georgia
355,13249,Schley,GA,Georgia
356,13251,Screven,GA,Georgia
357,13253,Seminole,GA,Georgia
358,13255,Spalding,GA,Georgia
359,13257,Stephens,GA,Georgia
360,13259,Stewart,GA,Georgia
361,13261,Sumter,GA,Georgia
362,13263,Talbot,GA,Georgia
363,13265,Taliaferro,GA,Georgia
364,13267,Tattnall,GA,Georgia
365,13269,Taylor,GA,Georgia
366,13271,Telfair,GA,Georgia
367,13273,Terrell,GA,Georgia
368,13275,Thomas,GA,Georgia
369,13277,Tift,GA,Georgia
370,13279,Toombs,GA,Georgia
371,13281,Towns,GA,Georgia
372,13283,Treutlen,GA,Georgia
373,13285,Troup,GA,Georgia
374,13287,Turner,GA,Georgia
375,13289,Twiggs,GA,Georgia
376,13291,Union,GA,Georgia
377,13293,Upson,GA,Georgia
378,13295,Walker,GA,Georgia
379,13297,Walton,GA,Georgia
380,13299,Ware,GA,Georgia
381,13301,Warren,GA,Georgia
382,13303,Washington,GA,Georgia
383,13305,Wayne,GA,Georgia
384,13307,Webster,GA,Georgia
385,13309,Wheeler,GA,Georgia
386,13311,White,GA,Georgia
387,13313,Whitfield,GA,Georgia
388,13315,Wilcox,GA,Georgia
389,13317,Wilkes,GA,Georgia
390,13319,Wilkinson,GA,Georgia
391,13321,Worth,GA,Georgia
,,State Totals,HI,Hawaii
392,15001,Hawaii,HI,Hawaii
393,15003,Honolulu,HI,Hawaii
394,15005,Kalawao,HI,Hawaii
395,15007,Kauai,HI,Hawaii
396,15009,Maui,HI,Hawaii
,,State Totals,IL,Illinois
397,17001,Adams,IL,Illinois
398,17003,Alexander,IL,Illinois
399,17005,Bond,IL,Illinois
400,17007,Boone,IL,Illinois
401,17009,Brown,IL,Illinois
402,17011,Bureau,IL,Illinois
403,17013,Calhoun,IL,Illinois
404,17015,Carroll,IL,Illinois
405,17017,Cass,IL,Illinois
406,17019,Champaign,IL,Illinois
407,17021,Christian,IL,Illinois
408,17023,Clark,IL,Illinois
409,17025,Clay,IL,Illinois
410,17027,Clinton,IL,Illinois
411,17029,Coles,IL,Illinois
412,17031,Cook,IL,Illinois
413,17033,Crawford,IL,Illinois
414,17035,Cumberland,IL,Illinois
415,17037,DeKalb,IL,Illinois
416,17039,De Witt,IL,Illinois
417,17041,Douglas,IL,Illinois
418,17043,DuPage,IL,Illinois
419,17045,Edgar,IL,Illinois
420,17047,Edwards,IL,Illinois
421,17049,Effingham,IL,Illinois
422,17051,Fayette,IL,Illinois
423,17053,Ford,IL,Illinois
424,17055,Franklin,IL,Illinois
425,17057,Fulton,IL,Illinois
426,17059,Gallatin,IL,Illinois
427,17061,Greene,IL,Illinois
428,17063,Grundy,IL,Illinois
429,17065,Hamilton,IL,Illinois
430,17067,Hancock,IL,Illinois
431,17069,Hardin,IL,Illinois
432,17071,Henderson,IL,Illinois
433,17073,Henry,IL,Illinois
434,17075,Iroquois,IL,Illinois
435,17077,Jackson,IL,Illinois
436,17079,Jasper,IL,Illinois
437,17081,Jefferson,IL,Illinois
438,17083,Jersey,IL,Illinois
439,17085,Jo Daviess,IL,Illinois
440,17087,Johnson,IL,Illinois
441,17089,Kane,IL,Illinois
442,17091,Kankakee,IL,Illinois
443,17093,Kendall,IL,Illinois
444,17095,Knox,IL,Illinois
445,17097,Lake,IL,Illinois
446,17099,LaSalle,IL,Illinois
447,17101,Lawrence,IL,Illinois
448,17103,Lee,IL,Illinois
449,17105,Livingston,IL,Illinois
450,17107,Logan,IL,Illinois
451,17109,McDonough,IL,Illinois
452,17111,McHenry,IL,Illinois
453,17113,McLean,IL,Illinois
454,17115,Macon,IL,Illinois
455,17117,Macoupin,IL,Illinois
456,17119,Madison,IL,Illinois
457,17121,Marion,IL,Illinois
458,17123,Marshall,IL,Illinois
459,17125,Mason,IL,Illinois
460,17127,Massac,IL,Illinois
461,17129,Menard,IL,Illinois
462,17131,Mercer,IL,Illinois
463,17133,Monroe,IL,Illinois
464,17135,Montgomery,IL,Illinois
465,17137,Morgan,IL,Illinois
466,17139,Moultrie,IL,Illinois
467,17141,Ogle,IL,Illinois
468,17143,Peoria,IL,Illinois
469,17145,Perry,IL,Illinois
470,17147,Piatt,IL,Illinois
471,17149,Pike,IL,Illinois
472,17151,Pope,IL,Illinois
473,17153,Pulaski,IL,Illinois
474,17155,Putnam,IL,Illinois
475,17157,Randolph,IL,Illinois
476,17159,Richland,IL,Illinois
477,17161,Rock Island,IL,Illinois
478,17163,St. Clair,IL,Illinois
479,17165,Saline,IL,Illinois
480,17167,Sangamon,IL,Illinois
481,17169,Schuyler,IL,Illinois
482,17171,Scott,IL,Illinois
483,17173,Shelby,IL,Illinois
484,17175,Stark,IL,Illinois
485,17177,Stephenson,IL,Illinois
486,17179,Tazewell,IL,Illinois
487,17181,Union,IL,Illinois
488,17183,Vermilion,IL,Illinois
489,17185,Wabash,IL,Illinois
490,17187,Warren,IL,Illinois
491,17189,Washington,IL,Illinois
492,17191,Wayne,IL,Illinois
493,17193,White,IL,Illinois
494,17195,Whiteside,IL,Illinois
495,17197,Will,IL,Illinois
496,17199,Williamson,IL,Illinois
497,17201,Winnebago,IL,Illinois
498,17203,Woodford,IL,Illinois
,,State Totals,IN,Indiana
499,18001,Adams,IN,Indiana
500,18003,Allen,IN,Indiana
501,18005,Bartholomew,IN,Indiana
502,18007,Benton,IN,Indiana
503,18009,Blackford,IN,Indiana
504,18011,Boone,IN,Indiana
505,18013,Brown,IN,Indiana
506,18015,Carroll,IN,Indiana
507,18017,Cass,IN,Indiana
508,18019,Clark,IN,Indiana
509,18021,Clay,IN,Indiana
510,18023,Clinton,IN,Indiana
511,18025,Crawford,IN,Indiana
512,18027,Daviess,IN,Indiana
513,18029,Dearborn,IN,Indiana
514,18031,Decatur,IN,Indiana
515,18033,DeKalb,IN,Indiana
516,18035,Delaware,IN,Indiana
517,18037,Dubois,IN,Indiana
518,18039,Elkhart,IN,Indiana
519,18041,Fayette,IN,Indiana
520,18043,Floyd,IN,Indiana
521,18045,Fountain,IN,Indiana
522,18047,Franklin,IN,Indiana
523,18049,Fulton,IN,Indiana
524,18051,Gibson,IN,Indiana
525,18053,Grant,IN,Indiana
526,18055,Greene,IN,Indiana
527,18057,Hamilton,IN,Indiana
528,18059,Hancock,IN,Indiana
529,18061,Harrison,IN,Indiana
530,18063,Hendricks,IN,Indiana
531,18065,Henry,IN,Indiana
532,18067,Howard,IN,Indiana
533,18069,Huntington,IN,Indiana
534,18071,Jackson,IN,Indiana
535,18073,Jasper,IN,Indiana
536,18075,Jay,IN,Indiana
537,18077,Jefferson,IN,Indiana
538,18079,Jennings,IN,Indiana
539,18081,Johnson,IN,Indiana
540,18083,Knox,IN,Indiana
541,18085,Kosciusko,IN,Indiana
542,18087,LaGrange,IN,Indiana
543,18089,Lake,IN,Indiana
544,18091,LaPorte,IN,Indiana
545,18093,Lawrence,IN,Indiana
546,18095,Madison,IN,Indiana
547,18097,Marion,IN,Indiana
548,18099,Marshall,IN,Indiana
549,18101,Martin,IN,Indiana
550,18103,Miami,IN,Indiana
551,18105,Monroe,IN,Indiana
552,18107,Montgomery,IN,Indiana
553,18109,Morgan,IN,Indiana
554,18111,Newton,IN,Indiana
555,18113,Noble,IN,Indiana
556,18115,Ohio,IN,Indiana
557,18117,Orange,IN,Indiana
558,18119,Owen,IN,Indiana
559,18121,Parke,IN,Indiana
560,18123,Perry,IN,Indiana
561,18125,Pike,IN,Indiana
562,18127,Porter,IN,Indiana
563,18129,Posey,IN,Indiana
564,18131,Pulaski,IN,Indiana
565,18133,Putnam,IN,Indiana
566,18135,Randolph,IN,Indiana
567,18137,Ripley,IN,Indiana
568,18139,Rush,IN,Indiana
569,18141,St. Joseph,IN,Indiana
570,18143,Scott,IN,Indiana
571,18145,Shelby,IN,Indiana
572,18147,Spencer,IN,Indiana
573,18149,Starke,IN,Indiana
574,18151,Steuben,IN,Indiana
575,18153,Sullivan,IN,Indiana
576,18155,Switzerland,IN,Indiana
577,18157,Tippecanoe,IN,Indiana
578,18159,Tipton,IN,Indiana
579,18161,Union,IN,Indiana
580,18163,Vanderburgh,IN,Indiana
581,18165,Vermillion,IN,Indiana
582,18167,Vigo,IN,Indiana
583,18169,Wabash,IN,Indiana
584,18171,Warren,IN,Indiana
585,18173,Warrick,IN,Indiana
586,18175,Washington,IN,Indiana
587,18177,Wayne,IN,Indiana
588,18179,Wells,IN,Indiana
589,18181,White,IN,Indiana
590,18183,Whitley,IN,Indiana
,,State Totals,LA,Louisiana 
591,22001,Acadia Parish,LA,Louisiana 
592,22003,Allen Parish,LA,Louisiana 
593,22005,Ascension Parish,LA,Louisiana 
594,22007,Assumption Parish,LA,Louisiana 
595,22009,Avoyelles Parish,LA,Louisiana 
596,22011,Beauregard Parish,LA,Louisiana 
597,22013,Bienville Parish,LA,Louisiana 
598,22015,Bossier Parish,LA,Louisiana 
599,22017,Caddo Parish,LA,Louisiana 
600,22019,Calcasieu Parish,LA,Louisiana 
601,22021,Caldwell Parish,LA,Louisiana 
602,22023,Cameron Parish,LA,Louisiana 
603,22025,Catahoula Parish,LA,Louisiana 
604,22027,Claiborne Parish,LA,Louisiana 
605,22029,Concordia Parish,LA,Louisiana 
606,22031,De Soto Parish,LA,Louisiana 
607,22033,East Baton Rouge Parish,LA,Louisiana 
608,22035,East Carroll Parish,LA,Louisiana 
609,22037,East Feliciana Parish,LA,Louisiana 
610,22039,Evangeline Parish,LA,Louisiana 
611,22041,Franklin Parish,LA,Louisiana 
612,22043,Grant Parish,LA,Louisiana 
613,22045,Iberia Parish,LA,Louisiana 
614,22047,Iberville Parish,LA,Louisiana 
615,22049,Jackson Parish,LA,Louisiana 
616,22051,Jefferson Parish,LA,Louisiana 
617,22053,Jefferson Davis Parish,LA,Louisiana 
618,22055,Lafayette Parish,LA,Louisiana 
619,22057,Lafourche Parish,LA,Louisiana 
620,22059,La Salle Parish,LA,Louisiana 
621,22061,Lincoln Parish,LA,Louisiana 
622,22063,Livingston Parish,LA,Louisiana 
623,22065,Madison Parish,LA,Louisiana 
624,22067,Morehouse Parish,LA,Louisiana 
625,22069,Natchitoches Parish,LA,Louisiana 
626,22071,Orleans Parish,LA,Louisiana 
627,22073,Ouachita Parish,LA,Louisiana 
628,22075,Plaquemines Parish,LA,Louisiana 
629,22077,Pointe Coupee Parish,LA,Louisiana 
630,22079,Rapides Parish,LA,Louisiana 
631,22081,Red River Parish,LA,Louisiana 
632,22083,Richland Parish,LA,Louisiana 
633,22085,Sabine Parish,LA,Louisiana 
634,22087,St. Bernard Parish,LA,Louisiana 
635,22089,St. Charles Parish,LA,Louisiana 
636,22091,St. Helena Parish,LA,Louisiana 
637,22093,St. James Parish,LA,Louisiana 
638,22095,St. John the Baptist Parish,LA,Louisiana 
639,22097,St. Landry Parish,LA,Louisiana 
640,22099,St. Martin Parish,LA,Louisiana 
641,22101,St. Mary Parish,LA,Louisiana 
642,22103,St. Tammany Parish,LA,Louisiana 
643,22105,Tangipahoa Parish,LA,Louisiana 
644,22107,Tensas Parish,LA,Louisiana 
645,22109,Terrebonne Parish,LA,Louisiana 
646,22111,Union Parish,LA,Louisiana 
647,22113,Vermilion Parish,LA,Louisiana 
648,22115,Vernon Parish,LA,Louisiana 
649,22117,Washington Parish,LA,Louisiana 
650,22119,Webster Parish,LA,Louisiana 
651,22121,West Baton Rouge Parish,LA,Louisiana 
652,22123,West Carroll Parish,LA,Louisiana 
653,22125,West Feliciana Parish,LA,Louisiana 
654,22127,Winn Parish,LA,Louisiana 
,,State Totals,ME,Maine
655,23001,Androscoggin,ME,Maine
656,23003,Aroostook,ME,Maine
657,23005,Cumberland,ME,Maine
658,23007,Franklin,ME,Maine
659,23009,Hancock,ME,Maine
660,23011,Kennebec,ME,Maine
661,23013,Knox,ME,Maine
662,23015,Lincoln,ME,Maine
663,23017,Oxford,ME,Maine
664,23019,Penobscot,ME,Maine
665,23021,Piscataquis,ME,Maine
666,23023,Sagadahoc,ME,Maine
667,23025,Somerset,ME,Maine
668,23027,Waldo,ME,Maine
669,23029,Washington,ME,Maine
670,23031,York,ME,Maine
,,State Totals,MD,Maryland
671,24001,Allegany,MD,Maryland
672,24003,Anne Arundel,MD,Maryland
673,24005,Baltimore,MD,Maryland
674,24009,Calvert,MD,Maryland
675,24011,Caroline,MD,Maryland
676,24013,Carroll,MD,Maryland
677,24015,Cecil,MD,Maryland
678,24017,Charles,MD,Maryland
679,24019,Dorchester,MD,Maryland
680,24021,Frederick,MD,Maryland
681,24023,Garrett,MD,Maryland
682,24025,Harford,MD,Maryland
683,24027,Howard,MD,Maryland
684,24029,Kent,MD,Maryland
685,24031,Montgomery,MD,Maryland
686,24033,Prince George's,MD,Maryland
687,24035,Queen Anne's,MD,Maryland
688,24037,St. Mary's,MD,Maryland
689,24039,Somerset,MD,Maryland
690,24041,Talbot,MD,Maryland
691,24043,Washington,MD,Maryland
692,24045,Wicomico,MD,Maryland
693,24047,Worcester,MD,Maryland
694,24510,Baltimore city,MD,Maryland
,,State Totals,MA,State Totals
695,25001,Barnstable,MA,Massachusetts
696,25003,Berkshire,MA,Massachusetts
697,25005,Bristol,MA,Massachusetts
698,25007,Dukes,MA,Massachusetts
699,25009,Essex,MA,Massachusetts
700,25011,Franklin,MA,Massachusetts
701,25013,Hampden,MA,Massachusetts
702,25015,Hampshire,MA,Massachusetts
703,25017,Middlesex,MA,Massachusetts
704,25019,Nantucket,MA,Massachusetts
705,25021,Norfolk,MA,Massachusetts
706,25023,Plymouth,MA,Massachusetts
707,25025,Suffolk,MA,Massachusetts
708,25027,Worcester,MA,Massachusetts
,,State Totals,MI,Michigan
709,26001,Alcona,MI,Michigan
710,26003,Alger,MI,Michigan
711,26005,Allegan,MI,Michigan
712,26007,Alpena,MI,Michigan
713,26009,Antrim,MI,Michigan
714,26011,Arenac,MI,Michigan
715,26013,Baraga,MI,Michigan
716,26015,Barry,MI,Michigan
717,26017,Bay,MI,Michigan
718,26019,Benzie,MI,Michigan
719,26021,Berrien,MI,Michigan
720,26023,Branch,MI,Michigan
721,26025,Calhoun,MI,Michigan
722,26027,Cass,MI,Michigan
723,26029,Charlevoix,MI,Michigan
724,26031,Cheboygan,MI,Michigan
725,26033,Chippewa,MI,Michigan
726,26035,Clare,MI,Michigan
727,26037,Clinton,MI,Michigan
728,26039,Crawford,MI,Michigan
729,26041,Delta,MI,Michigan
730,26043,Dickinson,MI,Michigan
731,26045,Eaton,MI,Michigan
732,26047,Emmet,MI,Michigan
733,26049,Genesee,MI,Michigan
734,26051,Gladwin,MI,Michigan
735,26053,Gogebic,MI,Michigan
736,26055,Grand Traverse,MI,Michigan
737,26057,Gratiot,MI,Michigan
738,26059,Hillsdale,MI,Michigan
739,26061,Houghton,MI,Michigan
740,26063,Huron,MI,Michigan
741,26065,Ingham,MI,Michigan
742,26067,Ionia,MI,Michigan
743,26069,Iosco,MI,Michigan
744,26071,Iron,MI,Michigan
745,26073,Isabella,MI,Michigan
746,26075,Jackson,MI,Michigan
747,26077,Kalamazoo,MI,Michigan
748,26079,Kalkaska,MI,Michigan
749,26081,Kent,MI,Michigan
750,26083,Keweenaw,MI,Michigan
751,26085,Lake,MI,Michigan
752,26087,Lapeer,MI,Michigan
753,26089,Leelanau,MI,Michigan
754,26091,Lenawee,MI,Michigan
755,26093,Livingston,MI,Michigan
756,26095,Luce,MI,Michigan
757,26097,Mackinac,MI,Michigan
758,26099,Macomb,MI,Michigan
759,26101,Manistee,MI,Michigan
760,26103,Marquette,MI,Michigan
761,26105,Mason,MI,Michigan
762,26107,Mecosta,MI,Michigan
763,26109,Menominee,MI,Michigan
764,26111,Midland,MI,Michigan
765,26113,Missaukee,MI,Michigan
766,26115,Monroe,MI,Michigan
767,26117,Montcalm,MI,Michigan
768,26119,Montmorency,MI,Michigan
769,26121,Muskegon,MI,Michigan
770,26123,Newaygo,MI,Michigan
771,26125,Oakland,MI,Michigan
772,26127,Oceana,MI,Michigan
773,26129,Ogemaw,MI,Michigan
774,26131,Ontonagon,MI,Michigan
775,26133,Osceola,MI,Michigan
776,26135,Oscoda,MI,Michigan
777,26137,Otsego,MI,Michigan
778,26139,Ottawa,MI,Michigan
779,26141,Presque Isle,MI,Michigan
780,26143,Roscommon,MI,Michigan
781,26145,Saginaw,MI,Michigan
782,26147,St. Clair,MI,Michigan
783,26149,St. Joseph,MI,Michigan
784,26151,Sanilac,MI,Michigan
785,26153,Schoolcraft,MI,Michigan
786,26155,Shiawassee,MI,Michigan
787,26157,Tuscola,MI,Michigan
788,26159,Van Buren,MI,Michigan
789,26161,Washtenaw,MI,Michigan
790,26163,Wayne,MI,Michigan
791,26165,Wexford,MI,Michigan
,,State Totals,MN,Minnesota
792,27001,Aitkin,MN,Minnesota
793,27003,Anoka,MN,Minnesota
794,27005,Becker,MN,Minnesota
795,27007,Beltrami,MN,Minnesota
796,27009,Benton,MN,Minnesota
797,27011,Big Stone,MN,Minnesota
798,27013,Blue Earth,MN,Minnesota
799,27015,Brown,MN,Minnesota
800,27017,Carlton,MN,Minnesota
801,27019,Carver,MN,Minnesota
802,27021,Cass,MN,Minnesota
803,27023,Chippewa,MN,Minnesota
804,27025,Chisago,MN,Minnesota
805,27027,Clay,MN,Minnesota
806,27029,Clearwater,MN,Minnesota
807,27031,Cook,MN,Minnesota
808,27033,Cottonwood,MN,Minnesota
809,27035,Crow Wing,MN,Minnesota
810,27037,Dakota,MN,Minnesota
811,27039,Dodge,MN,Minnesota
812,27041,Douglas,MN,Minnesota
813,27043,Faribault,MN,Minnesota
814,27045,Fillmore,MN,Minnesota
815,27047,Freeborn,MN,Minnesota
816,27049,Goodhue,MN,Minnesota
817,27051,Grant,MN,Minnesota
818,27053,Hennepin,MN,Minnesota
819,27055,Houston,MN,Minnesota
820,27057,Hubbard,MN,Minnesota
821,27059,Isanti,MN,Minnesota
822,27061,Itasca,MN,Minnesota
823,27063,Jackson,MN,Minnesota
824,27065,Kanabec,MN,Minnesota
825,27067,Kandiyohi,MN,Minnesota
826,27069,Kittson,MN,Minnesota
827,27071,Koochiching,MN,Minnesota
828,27073,Lac qui Parle,MN,Minnesota
829,27075,Lake,MN,Minnesota
830,27077,Lake of the Woods,MN,Minnesota
831,27079,Le Sueur,MN,Minnesota
832,27081,Lincoln,MN,Minnesota
833,27083,Lyon,MN,Minnesota
834,27085,McLeod,MN,Minnesota
835,27087,Mahnomen,MN,Minnesota
836,27089,Marshall,MN,Minnesota
837,27091,Martin,MN,Minnesota
838,27093,Meeker,MN,Minnesota
839,27095,Mille Lacs,MN,Minnesota
840,27097,Morrison,MN,Minnesota
841,27099,Mower,MN,Minnesota
842,27101,Murray,MN,Minnesota
843,27103,Nicollet,MN,Minnesota
844,27105,Nobles,MN,Minnesota
845,27107,Norman,MN,Minnesota
846,27109,Olmsted,MN,Minnesota
847,27111,Otter Tail,MN,Minnesota
848,27113,Pennington,MN,Minnesota
849,27115,Pine,MN,Minnesota
850,27117,Pipestone,MN,Minnesota
851,27119,Polk,MN,Minnesota
852,27121,Pope,MN,Minnesota
853,27123,Ramsey,MN,Minnesota
854,27125,Red Lake,MN,Minnesota
855,27127,Redwood,MN,Minnesota
856,27129,Renville,MN,Minnesota
857,27131,Rice,MN,Minnesota
858,27133,Rock,MN,Minnesota
859,27135,Roseau,MN,Minnesota
860,27137,St. Louis,MN,Minnesota
861,27139,Scott,MN,Minnesota
862,27141,Sherburne,MN,Minnesota
863,27143,Sibley,MN,Minnesota
864,27145,Stearns,MN,Minnesota
865,27147,Steele,MN,Minnesota
866,27149,Stevens,MN,Minnesota
867,27151,Swift,MN,Minnesota
868,27153,Todd,MN,Minnesota
869,27155,Traverse,MN,Minnesota
870,27157,Wabasha,MN,Minnesota
871,27159,Wadena,MN,Minnesota
872,27161,Waseca,MN,Minnesota
873,27163,Washington,MN,Minnesota
874,27165,Watonwan,MN,Minnesota
875,27167,Wilkin,MN,Minnesota
876,27169,Winona,MN,Minnesota
877,27171,Wright,MN,Minnesota
878,27173,Yellow Medicine,MN,Minnesota
,,State Totals,MS,Mississippi
879,28001,Adams,MS,Mississippi
880,28003,Alcorn,MS,Mississippi
881,28005,Amite,MS,Mississippi
882,28007,Attala,MS,Mississippi
883,28009,Benton,MS,Mississippi
884,28011,Bolivar,MS,Mississippi
885,28013,Calhoun,MS,Mississippi
886,28015,Carroll,MS,Mississippi
887,28017,Chickasaw,MS,Mississippi
888,28019,Choctaw,MS,Mississippi
889,28021,Claiborne,MS,Mississippi
890,28023,Clarke,MS,Mississippi
891,28025,Clay,MS,Mississippi
892,28027,Coahoma,MS,Mississippi
893,28029,Copiah,MS,Mississippi
894,28031,Covington,MS,Mississippi
895,28033,DeSoto,MS,Mississippi
896,28035,Forrest,MS,Mississippi
897,28037,Franklin,MS,Mississippi
898,28039,George,MS,Mississippi
899,28041,Greene,MS,Mississippi
900,28043,Grenada,MS,Mississippi
901,28045,Hancock,MS,Mississippi
902,28047,Harrison,MS,Mississippi
903,28049,Hinds,MS,Mississippi
904,28051,Holmes,MS,Mississippi
905,28053,Humphreys,MS,Mississippi
906,28055,Issaquena,MS,Mississippi
907,28057,Itawamba,MS,Mississippi
908,28059,Jackson,MS,Mississippi
909,28061,Jasper,MS,Mississippi
910,28063,Jefferson,MS,Mississippi
911,28065,Jefferson Davis,MS,Mississippi
912,28067,Jones,MS,Mississippi
913,28069,Kemper,MS,Mississippi
914,28071,Lafayette,MS,Mississippi
915,28073,Lamar,MS,Mississippi
916,28075,Lauderdale,MS,Mississippi
917,28077,Lawrence,MS,Mississippi
918,28079,Leake,MS,Mississippi
919,28081,Lee,MS,Mississippi
920,28083,Leflore,MS,Mississippi
921,28085,Lincoln,MS,Mississippi
922,28087,Lowndes,MS,Mississippi
923,28089,Madison,MS,Mississippi
924,28091,Marion,MS,Mississippi
925,28093,Marshall,MS,Mississippi
926,28095,Monroe,MS,Mississippi
927,28097,Montgomery,MS,Mississippi
928,28099,Neshoba,MS,Mississippi
929,28101,Newton,MS,Mississippi
930,28103,Noxubee,MS,Mississippi
931,28105,Oktibbeha,MS,Mississippi
932,28107,Panola,MS,Mississippi
933,28109,Pearl River,MS,Mississippi
934,28111,Perry,MS,Mississippi
935,28113,Pike,MS,Mississippi
936,28115,Pontotoc,MS,Mississippi
937,28117,Prentiss,MS,Mississippi
938,28119,Quitman,MS,Mississippi
939,28121,Rankin,MS,Mississippi
940,28123,Scott,MS,Mississippi
941,28125,Sharkey,MS,Mississippi
942,28127,Simpson,MS,Mississippi
943,28129,Smith,MS,Mississippi
944,28131,Stone,MS,Mississippi
945,28133,Sunflower,MS,Mississippi
946,28135,Tallahatchie,MS,Mississippi
947,28137,Tate,MS,Mississippi
948,28139,Tippah,MS,Mississippi
949,28141,Tishomingo,MS,Mississippi
950,28143,Tunica,MS,Mississippi
951,28145,Union,MS,Mississippi
952,28147,Walthall,MS,Mississippi
953,28149,Warren,MS,Mississippi
954,28151,Washington,MS,Mississippi
955,28153,Wayne,MS,Mississippi
956,28155,Webster,MS,Mississippi
957,28157,Wilkinson,MS,Mississippi
958,28159,Winston,MS,Mississippi
959,28161,Yalobusha,MS,Mississippi
960,28163,Yazoo,MS,Mississippi
,,State Totals,NH,New Hampshire
961,33001,Belknap,NH,New Hampshire
962,33003,Carroll,NH,New Hampshire
963,33005,Cheshire,NH,New Hampshire
964,33007,Coos,NH,New Hampshire
965,33009,Grafton,NH,New Hampshire
966,33011,Hillsborough,NH,New Hampshire
967,33013,Merrimack,NH,New Hampshire
968,33015,Rockingham,NH,New Hampshire
969,33017,Strafford,NH,New Hampshire
970,33019,Sullivan,NH,New Hampshire
,,State Totals,NJ,New Jersey
971,34001,Atlantic,NJ,New Jersey
972,34003,Bergen,NJ,New Jersey
973,34005,Burlington,NJ,New Jersey
974,34007,Camden,NJ,New Jersey
975,34009,Cape May,NJ,New Jersey
976,34011,Cumberland,NJ,New Jersey
977,34013,Essex,NJ,New Jersey
978,34015,Gloucester,NJ,New Jersey
979,34017,Hudson,NJ,New Jersey
980,34019,Hunterdon,NJ,New Jersey
981,34021,Mercer,NJ,New Jersey
982,34023,Middlesex,NJ,New Jersey
983,34025,Monmouth,NJ,New Jersey
984,34027,Morris,NJ,New Jersey
985,34029,Ocean,NJ,New Jersey
986,34031,Passaic,NJ,New Jersey
987,34033,Salem,NJ,New Jersey
988,34035,Somerset,NJ,New Jersey
989,34037,Sussex,NJ,New Jersey
990,34039,Union,NJ,New Jersey
991,34041,Warren,NJ,New Jersey
,,State Totals,NY,New York
992,36001,Albany,NY,New York
993,36003,Allegany,NY,New York
994,36005,Bronx,NY,New York
995,36007,Broome,NY,New York
996,36009,Cattaraugus,NY,New York
997,36011,Cayuga,NY,New York
998,36013,Chautauqua,NY,New York
999,36015,Chemung,NY,New York
1000,36017,Chenango,NY,New York
1001,36019,Clinton,NY,New York
1002,36021,Columbia,NY,New York
1003,36023,Cortland,NY,New York
1004,36025,Delaware,NY,New York
1005,36027,Dutchess,NY,New York
1006,36029,Erie,NY,New York
1007,36031,Essex,NY,New York
1008,36033,Franklin,NY,New York
1009,36035,Fulton,NY,New York
1010,36037,Genesee,NY,New York
1011,36039,Greene,NY,New York
1012,36041,Hamilton,NY,New York
1013,36043,Herkimer,NY,New York
1014,36045,Jefferson,NY,New York
1015,36047,Kings,NY,New York
1016,36049,Lewis,NY,New York
1017,36051,Livingston,NY,New York
1018,36053,Madison,NY,New York
1019,36055,Monroe,NY,New York
1020,36057,Montgomery,NY,New York
1021,36059,Nassau,NY,New York
1022,36061,New York,NY,New York
1023,36063,Niagara,NY,New York
1024,36065,Oneida,NY,New York
1025,36067,Onondaga,NY,New York
1026,36069,Ontario,NY,New York
1027,36071,Orange,NY,New York
1028,36073,Orleans,NY,New York
1029,36075,Oswego,NY,New York
1030,36077,Otsego,NY,New York
1031,36079,Putnam,NY,New York
1032,36081,Queens,NY,New York
1033,36083,Rensselaer,NY,New York
1034,36085,Richmond,NY,New York
1035,36087,Rockland,NY,New York
1036,36089,St. Lawrence,NY,New York
1037,36091,Saratoga,NY,New York
1038,36093,Schenectady,NY,New York
1039,36095,Schoharie,NY,New York
1040,36097,Schuyler,NY,New York
1041,36099,Seneca,NY,New York
1042,36101,Steuben,NY,New York
1043,36103,Suffolk,NY,New York
1044,36105,Sullivan,NY,New York
1045,36107,Tioga,NY,New York
1046,36109,Tompkins,NY,New York
1047,36111,Ulster,NY,New York
1048,36113,Warren,NY,New York
1049,36115,Washington,NY,New York
1050,36117,Wayne,NY,New York
1051,36119,Westchester,NY,New York
1052,36121,Wyoming,NY,New York
1053,36123,Yates,NY,New York
,,State Totals,NC,North Carolina
1054,37001,Alamance,NC,North Carolina
1055,37003,Alexander,NC,North Carolina
1056,37005,Alleghany,NC,North Carolina
1057,37007,Anson,NC,North Carolina
1058,37009,Ashe,NC,North Carolina
1059,37011,Avery,NC,North Carolina
1060,37013,Beaufort,NC,North Carolina
1061,37015,Bertie,NC,North Carolina
1062,37017,Bladen,NC,North Carolina
1063,37019,Brunswick,NC,North Carolina
1064,37021,Buncombe,NC,North Carolina
1065,37023,Burke,NC,North Carolina
1066,37025,Cabarrus,NC,North Carolina
1067,37027,Caldwell,NC,North Carolina
1068,37029,Camden,NC,North Carolina
1069,37031,Carteret,NC,North Carolina
1070,37033,Caswell,NC,North Carolina
1071,37035,Catawba,NC,North Carolina
1072,37037,Chatham,NC,North Carolina
1073,37039,Cherokee,NC,North Carolina
1074,37041,Chowan,NC,North Carolina
1075,37043,Clay,NC,North Carolina
1076,37045,Cleveland,NC,North Carolina
1077,37047,Columbus,NC,North Carolina
1078,37049,Craven,NC,North Carolina
1079,37051,Cumberland,NC,North Carolina
1080,37053,Currituck,NC,North Carolina
1081,37055,Dare,NC,North Carolina
1082,37057,Davidson,NC,North Carolina
1083,37059,Davie,NC,North Carolina
1084,37061,Duplin,NC,North Carolina
1085,37063,Durham,NC,North Carolina
1086,37065,Edgecombe,NC,North Carolina
1087,37067,Forsyth,NC,North Carolina
1088,37069,Franklin,NC,North Carolina
1089,37071,Gaston,NC,North Carolina
1090,37073,Gates,NC,North Carolina
1091,37075,Graham,NC,North Carolina
1092,37077,Granville,NC,North Carolina
1093,37079,Greene,NC,North Carolina
1094,37081,Guilford,NC,North Carolina
1095,37083,Halifax,NC,North Carolina
1096,37085,Harnett,NC,North Carolina
1097,37087,Haywood,NC,North Carolina
1098,37089,Henderson,NC,North Carolina
1099,37091,Hertford,NC,North Carolina
1100,37093,Hoke,NC,North Carolina
1101,37095,Hyde,NC,North Carolina
1102,37097,Iredell,NC,North Carolina
1103,37099,Jackson,NC,North Carolina
1104,37101,Johnston,NC,North Carolina
1105,37103,Jones,NC,North Carolina
1106,37105,Lee,NC,North Carolina
1107,37107,Lenoir,NC,North Carolina
1108,37109,Lincoln,NC,North Carolina
1109,37111,McDowell,NC,North Carolina
1110,37113,Macon,NC,North Carolina
1111,37115,Madison,NC,North Carolina
1112,37117,Martin,NC,North Carolina
1113,37119,Mecklenburg,NC,North Carolina
1114,37121,Mitchell,NC,North Carolina
1115,37123,Montgomery,NC,North Carolina
1116,37125,Moore,NC,North Carolina
1117,37127,Nash,NC,North Carolina
1118,37129,New Hanover,NC,North Carolina
1119,37131,Northampton,NC,North Carolina
1120,37133,Onslow,NC,North Carolina
1121,37135,Orange,NC,North Carolina
1122,37137,Pamlico,NC,North Carolina
1123,37139,Pasquotank,NC,North Carolina
1124,37141,Pender,NC,North Carolina
1125,37143,Perquimans,NC,North Carolina
1126,37145,Person,NC,North Carolina
1127,37147,Pitt,NC,North Carolina
1128,37149,Polk,NC,North Carolina
1129,37151,Randolph,NC,North Carolina
1130,37153,Richmond,NC,North Carolina
1131,37155,Robeson,NC,North Carolina
1132,37157,Rockingham,NC,North Carolina
1133,37159,Rowan,NC,North Carolina
1134,37161,Rutherford,NC,North Carolina
1135,37163,Sampson,NC,North Carolina
1136,37165,Scotland,NC,North Carolina
1137,37167,Stanly,NC,North Carolina
1138,37169,Stokes,NC,North Carolina
1139,37171,Surry,NC,North Carolina
1140,37173,Swain,NC,North Carolina
1141,37175,Transylvania,NC,North Carolina
1142,37177,Tyrrell,NC,North Carolina
1143,37179,Union,NC,North Carolina
1144,37181,Vance,NC,North Carolina
1145,37183,Wake,NC,North Carolina
1146,37185,Warren,NC,North Carolina
1147,37187,Washington,NC,North Carolina
1148,37189,Watauga,NC,North Carolina
1149,37191,Wayne,NC,North Carolina
1150,37193,Wilkes,NC,North Carolina
1151,37195,Wilson,NC,North Carolina
1152,37197,Yadkin,NC,North Carolina
1153,37199,Yancey,NC,North Carolina
,,State Totals,OH,Ohio
1154,39001,Adams,OH,Ohio
1155,39003,Allen,OH,Ohio
1156,39005,Ashland,OH,Ohio
1157,39007,Ashtabula,OH,Ohio
1158,39009,Athens,OH,Ohio
1159,39011,Auglaize,OH,Ohio
1160,39013,Belmont,OH,Ohio
1161,39015,Brown,OH,Ohio
1162,39017,Butler,OH,Ohio
1163,39019,Carroll,OH,Ohio
1164,39021,Champaign,OH,Ohio
1165,39023,Clark,OH,Ohio
1166,39025,Clermont,OH,Ohio
1167,39027,Clinton,OH,Ohio
1168,39029,Columbiana,OH,Ohio
1169,39031,Coshocton,OH,Ohio
1170,39033,Crawford,OH,Ohio
1171,39035,Cuyahoga,OH,Ohio
1172,39037,Darke,OH,Ohio
1173,39039,Defiance,OH,Ohio
1174,39041,Delaware,OH,Ohio
1175,39043,Erie,OH,Ohio
1176,39045,Fairfield,OH,Ohio
1177,39047,Fayette,OH,Ohio
1178,39049,Franklin,OH,Ohio
1179,39051,Fulton,OH,Ohio
1180,39053,Gallia,OH,Ohio
1181,39055,Geauga,OH,Ohio
1182,39057,Greene,OH,Ohio
1183,39059,Guernsey,OH,Ohio
1184,39061,Hamilton,OH,Ohio
1185,39063,Hancock,OH,Ohio
1186,39065,Hardin,OH,Ohio
1187,39067,Harrison,OH,Ohio
1188,39069,Henry,OH,Ohio
1189,39071,Highland,OH,Ohio
1190,39073,Hocking,OH,Ohio
1191,39075,Holmes,OH,Ohio
1192,39077,Huron,OH,Ohio
1193,39079,Jackson,OH,Ohio
1194,39081,Jefferson,OH,Ohio
1195,39083,Knox,OH,Ohio
1196,39085,Lake,OH,Ohio
1197,39087,Lawrence,OH,Ohio
1198,39089,Licking,OH,Ohio
1199,39091,Logan,OH,Ohio
1200,39093,Lorain,OH,Ohio
1201,39095,Lucas,OH,Ohio
1202,39097,Madison,OH,Ohio
1203,39099,Mahoning,OH,Ohio
1204,39101,Marion,OH,Ohio
1205,39103,Medina,OH,Ohio
1206,39105,Meigs,OH,Ohio
1207,39107,Mercer,OH,Ohio
1208,39109,Miami,OH,Ohio
1209,39111,Monroe,OH,Ohio
1210,39113,Montgomery,OH,Ohio
1211,39115,Morgan,OH,Ohio
1212,39117,Morrow,OH,Ohio
1213,39119,Muskingum,OH,Ohio
1214,39121,Noble,OH,Ohio
1215,39123,Ottawa,OH,Ohio
1216,39125,Paulding,OH,Ohio
1217,39127,Perry,OH,Ohio
1218,39129,Pickaway,OH,Ohio
1219,39131,Pike,OH,Ohio
1220,39133,Portage,OH,Ohio
1221,39135,Preble,OH,Ohio
1222,39137,Putnam,OH,Ohio
1223,39139,Richland,OH,Ohio
1224,39141,Ross,OH,Ohio
1225,39143,Sandusky,OH,Ohio
1226,39145,Scioto,OH,Ohio
1227,39147,Seneca,OH,Ohio
1228,39149,Shelby,OH,Ohio
1229,39151,Stark,OH,Ohio
1230,39153,Summit,OH,Ohio
1231,39155,Trumbull,OH,Ohio
1232,39157,Tuscarawas,OH,Ohio
1233,39159,Union,OH,Ohio
1234,39161,Van Wert,OH,Ohio
1235,39163,Vinton,OH,Ohio
1236,39165,Warren,OH,Ohio
1237,39167,Washington,OH,Ohio
1238,39169,Wayne,OH,Ohio
1239,39171,Williams,OH,Ohio
1240,39173,Wood,OH,Ohio
1241,39175,Wyandot,OH,Ohio
,,State Totals,OR,Oregon
1242,41001,Baker,OR,Oregon
1243,41003,Benton,OR,Oregon
1244,41005,Clackamas,OR,Oregon
1245,41007,Clatsop,OR,Oregon
1246,41009,Columbia,OR,Oregon
1247,41011,Coos,OR,Oregon
1248,41013,Crook,OR,Oregon
1249,41015,Curry,OR,Oregon
1250,41017,Deschutes,OR,Oregon
1251,41019,Douglas,OR,Oregon
1252,41021,Gilliam,OR,Oregon
1253,41023,Grant,OR,Oregon
1254,41025,Harney,OR,Oregon
1255,41027,Hood River,OR,Oregon
1256,41029,Jackson,OR,Oregon
1257,41031,Jefferson,OR,Oregon
1258,41033,Josephine,OR,Oregon
1259,41035,Klamath,OR,Oregon
1260,41037,Lake,OR,Oregon
1261,41039,Lane,OR,Oregon
1262,41041,Lincoln,OR,Oregon
1263,41043,Linn,OR,Oregon
1264,41045,Malheur,OR,Oregon
1265,41047,Marion,OR,Oregon
1266,41049,Morrow,OR,Oregon
1267,41051,Multnomah,OR,Oregon
1268,41053,Polk,OR,Oregon
1269,41055,Sherman,OR,Oregon
1270,41057,Tillamook,OR,Oregon
1271,41059,Umatilla,OR,Oregon
1272,41061,Union,OR,Oregon
1273,41063,Wallowa,OR,Oregon
1274,41065,Wasco,OR,Oregon
1275,41067,Washington,OR,Oregon
1276,41069,Wheeler,OR,Oregon
1277,41071,Yamhill,OR,Oregon
,,State Totals,PA,Pennsylvania
1278,42001,Adams,PA,Pennsylvania
1279,42003,Allegheny,PA,Pennsylvania
1280,42005,Armstrong,PA,Pennsylvania
1281,42007,Beaver,PA,Pennsylvania
1282,42009,Bedford,PA,Pennsylvania
1283,42011,Berks,PA,Pennsylvania
1284,42013,Blair,PA,Pennsylvania
1285,42015,Bradford,PA,Pennsylvania
1286,42017,Bucks,PA,Pennsylvania
1287,42019,Butler,PA,Pennsylvania
1288,42021,Cambria,PA,Pennsylvania
1289,42023,Cameron,PA,Pennsylvania
1290,42025,Carbon,PA,Pennsylvania
1291,42027,Centre,PA,Pennsylvania
1292,42029,Chester,PA,Pennsylvania
1293,42031,Clarion,PA,Pennsylvania
1294,42033,Clearfield,PA,Pennsylvania
1295,42035,Clinton,PA,Pennsylvania
1296,42037,Columbia,PA,Pennsylvania
1297,42039,Crawford,PA,Pennsylvania
1298,42041,Cumberland,PA,Pennsylvania
1299,42043,Dauphin,PA,Pennsylvania
1300,42045,Delaware,PA,Pennsylvania
1301,42047,Elk,PA,Pennsylvania
1302,42049,Erie,PA,Pennsylvania
1303,42051,Fayette,PA,Pennsylvania
1304,42053,Forest,PA,Pennsylvania
1305,42055,Franklin,PA,Pennsylvania
1306,42057,Fulton,PA,Pennsylvania
1307,42059,Greene,PA,Pennsylvania
1308,42061,Huntingdon,PA,Pennsylvania
1309,42063,Indiana,PA,Pennsylvania
1310,42065,Jefferson,PA,Pennsylvania
1311,42067,Juniata,PA,Pennsylvania
1312,42069,Lackawanna,PA,Pennsylvania
1313,42071,Lancaster,PA,Pennsylvania
1314,42073,Lawrence,PA,Pennsylvania
1315,42075,Lebanon,PA,Pennsylvania
1316,42077,Lehigh,PA,Pennsylvania
1317,42079,Luzerne,PA,Pennsylvania
1318,42081,Lycoming,PA,Pennsylvania
1319,42083,McKean,PA,Pennsylvania
1320,42085,Mercer,PA,Pennsylvania
1321,42087,Mifflin,PA,Pennsylvania
1322,42089,Monroe,PA,Pennsylvania
1323,42091,Montgomery,PA,Pennsylvania
1324,42093,Montour,PA,Pennsylvania
1325,42095,Northampton,PA,Pennsylvania
1326,42097,Northumberland,PA,Pennsylvania
1327,42099,Perry,PA,Pennsylvania
1328,42101,Philadelphia,PA,Pennsylvania
1329,42103,Pike,PA,Pennsylvania
1330,42105,Potter,PA,Pennsylvania
1331,42107,Schuylkill,PA,Pennsylvania
1332,42109,Snyder,PA,Pennsylvania
1333,42111,Somerset,PA,Pennsylvania
1334,42113,Sullivan,PA,Pennsylvania
1335,42115,Susquehanna,PA,Pennsylvania
1336,42117,Tioga,PA,Pennsylvania
1337,42119,Union,PA,Pennsylvania
1338,42121,Venango,PA,Pennsylvania
1339,42123,Warren,PA,Pennsylvania
1340,42125,Washington,PA,Pennsylvania
1341,42127,Wayne,PA,Pennsylvania
1342,42129,Westmoreland,PA,Pennsylvania
1343,42131,Wyoming,PA,Pennsylvania
1344,42133,York,PA,Pennsylvania
,,State Totals,RI,Rhode Island
1345,44001,Bristol,RI,Rhode Island
1346,44003,Kent,RI,Rhode Island
1347,44005,Newport,RI,Rhode Island
1348,44007,Providence,RI,Rhode Island
1349,44009,Washington,RI,Rhode Island
,,State Totals,SC,South Carolina
1350,45001,Abbeville,SC,South Carolina
1351,45003,Aiken,SC,South Carolina
1352,45005,Allendale,SC,South Carolina
1353,45007,Anderson,SC,South Carolina
1354,45009,Bamberg,SC,South Carolina
1355,45011,Barnwell,SC,South Carolina
1356,45013,Beaufort,SC,South Carolina
1357,45015,Berkeley,SC,South Carolina
1358,45017,Calhoun,SC,South Carolina
1359,45019,Charleston,SC,South Carolina
1360,45021,Cherokee,SC,South Carolina
1361,45023,Chester,SC,South Carolina
1362,45025,Chesterfield,SC,South Carolina
1363,45027,Clarendon,SC,South Carolina
1364,45029,Colleton,SC,South Carolina
1365,45031,Darlington,SC,South Carolina
1366,45033,Dillon,SC,South Carolina
1367,45035,Dorchester,SC,South Carolina
1368,45037,Edgefield,SC,South Carolina
1369,45039,Fairfield,SC,South Carolina
1370,45041,Florence,SC,South Carolina
1371,45043,Georgetown,SC,South Carolina
1372,45045,Greenville,SC,South Carolina
1373,45047,Greenwood,SC,South Carolina
1374,45049,Hampton,SC,South Carolina
1375,45051,Horry,SC,South Carolina
1376,45053,Jasper,SC,South Carolina
1377,45055,Kershaw,SC,South Carolina
1378,45057,Lancaster,SC,South Carolina
1379,45059,Laurens,SC,South Carolina
1380,45061,Lee,SC,South Carolina
1381,45063,Lexington,SC,South Carolina
1382,45065,McCormick,SC,South Carolina
1383,45067,Marion,SC,South Carolina
1384,45069,Marlboro,SC,South Carolina
1385,45071,Newberry,SC,South Carolina
1386,45073,Oconee,SC,South Carolina
1387,45075,Orangeburg,SC,South Carolina
1388,45077,Pickens,SC,South Carolina
1389,45079,Richland,SC,South Carolina
1390,45081,Saluda,SC,South Carolina
1391,45083,Spartanburg,SC,South Carolina
1392,45085,Sumter,SC,South Carolina
1393,45087,Union,SC,South Carolina
1394,45089,Williamsburg,SC,South Carolina
1395,45091,York,SC,South Carolina
,,State Totals,TX,Texas
1396,48001,Anderson,TX,Texas
1397,48003,Andrews,TX,Texas
1398,48005,Angelina,TX,Texas
1399,48007,Aransas,TX,Texas
1400,48009,Archer,TX,Texas
1401,48011,Armstrong,TX,Texas
1402,48013,Atascosa,TX,Texas
1403,48015,Austin,TX,Texas
1404,48017,Bailey,TX,Texas
1405,48019,Bandera,TX,Texas
1406,48021,Bastrop,TX,Texas
1407,48023,Baylor,TX,Texas
1408,48025,Bee,TX,Texas
1409,48027,Bell,TX,Texas
1410,48029,Bexar,TX,Texas
1411,48031,Blanco,TX,Texas
1412,48033,Borden,TX,Texas
1413,48035,Bosque,TX,Texas
1414,48037,Bowie,TX,Texas
1415,48039,Brazoria,TX,Texas
1416,48041,Brazos,TX,Texas
1417,48043,Brewster,TX,Texas
1418,48045,Briscoe,TX,Texas
1419,48047,Brooks,TX,Texas
1420,48049,Brown,TX,Texas
1421,48051,Burleson,TX,Texas
1422,48053,Burnet,TX,Texas
1423,48055,Caldwell,TX,Texas
1424,48057,Calhoun,TX,Texas
1425,48059,Callahan,TX,Texas
1426,48061,Cameron,TX,Texas
1427,48063,Camp,TX,Texas
1428,48065,Carson,TX,Texas
1429,48067,Cass,TX,Texas
1430,48069,Castro,TX,Texas
1431,48071,Chambers,TX,Texas
1432,48073,Cherokee,TX,Texas
1433,48075,Childress,TX,Texas
1434,48077,Clay,TX,Texas
1435,48079,Cochran,TX,Texas
1436,48081,Coke,TX,Texas
1437,48083,Coleman,TX,Texas
1438,48085,Collin,TX,Texas
1439,48087,Collingsworth,TX,Texas
1440,48089,Colorado,TX,Texas
1441,48091,Comal,TX,Texas
1442,48093,Comanche,TX,Texas
1443,48095,Concho,TX,Texas
1444,48097,Cooke,TX,Texas
1445,48099,Coryell,TX,Texas
1446,48101,Cottle,TX,Texas
1447,48103,Crane,TX,Texas
1448,48105,Crockett,TX,Texas
1449,48107,Crosby,TX,Texas
1450,48109,Culberson,TX,Texas
1451,48111,Dallam,TX,Texas
1452,48113,Dallas,TX,Texas
1453,48115,Dawson,TX,Texas
1454,48117,Deaf Smith,TX,Texas
1455,48119,Delta,TX,Texas
1456,48121,Denton,TX,Texas
1457,48123,DeWitt,TX,Texas
1458,48125,Dickens,TX,Texas
1459,48127,Dimmit,TX,Texas
1460,48129,Donley,TX,Texas
1461,48131,Duval,TX,Texas
1462,48133,Eastland,TX,Texas
1463,48135,Ector,TX,Texas
1464,48137,Edwards,TX,Texas
1465,48139,Ellis,TX,Texas
1466,48141,El Paso,TX,Texas
1467,48143,Erath,TX,Texas
1468,48145,Falls,TX,Texas
1469,48147,Fannin,TX,Texas
1470,48149,Fayette,TX,Texas
1471,48151,Fisher,TX,Texas
1472,48153,Floyd,TX,Texas
1473,48155,Foard,TX,Texas
1474,48157,Fort Bend,TX,Texas
1475,48159,Franklin,TX,Texas
1476,48161,Freestone,TX,Texas
1477,48163,Frio,TX,Texas
1478,48165,Gaines,TX,Texas
1479,48167,Galveston,TX,Texas
1480,48169,Garza,TX,Texas
1481,48171,Gillespie,TX,Texas
1482,48173,Glasscock,TX,Texas
1483,48175,Goliad,TX,Texas
1484,48177,Gonzales,TX,Texas
1485,48179,Gray,TX,Texas
1486,48181,Grayson,TX,Texas
1487,48183,Gregg,TX,Texas
1488,48185,Grimes,TX,Texas
1489,48187,Guadalupe,TX,Texas
1490,48189,Hale,TX,Texas
1491,48191,Hall,TX,Texas
1492,48193,Hamilton,TX,Texas
1493,48195,Hansford,TX,Texas
1494,48197,Hardeman,TX,Texas
1495,48199,Hardin,TX,Texas
1496,48201,Harris,TX,Texas
1497,48203,Harrison,TX,Texas
1498,48205,Hartley,TX,Texas
1499,48207,Haskell,TX,Texas
1500,48209,Hays,TX,Texas
1501,48211,Hemphill,TX,Texas
1502,48213,Henderson,TX,Texas
1503,48215,Hidalgo,TX,Texas
1504,48217,Hill,TX,Texas
1505,48219,Hockley,TX,Texas
1506,48221,Hood,TX,Texas
1507,48223,Hopkins,TX,Texas
1508,48225,Houston,TX,Texas
1509,48227,Howard,TX,Texas
1510,48229,Hudspeth,TX,Texas
1511,48231,Hunt,TX,Texas
1512,48233,Hutchinson,TX,Texas
1513,48235,Irion,TX,Texas
1514,48237,Jack,TX,Texas
1515,48239,Jackson,TX,Texas
1516,48241,Jasper,TX,Texas
1517,48243,Jeff Davis,TX,Texas
1518,48245,Jefferson,TX,Texas
1519,48247,Jim Hogg,TX,Texas
1520,48249,Jim Wells,TX,Texas
1521,48251,Johnson,TX,Texas
1522,48253,Jones,TX,Texas
1523,48255,Karnes,TX,Texas
1524,48257,Kaufman,TX,Texas
1525,48259,Kendall,TX,Texas
1526,48261,Kenedy,TX,Texas
1527,48263,Kent,TX,Texas
1528,48265,Kerr,TX,Texas
1529,48267,Kimble,TX,Texas
1530,48269,King,TX,Texas
1531,48271,Kinney,TX,Texas
1532,48273,Kleberg,TX,Texas
1533,48275,Knox,TX,Texas
1534,48277,Lamar,TX,Texas
1535,48279,Lamb,TX,Texas
1536,48281,Lampasas,TX,Texas
1537,48283,La Salle,TX,Texas
1538,48285,Lavaca,TX,Texas
1539,48287,Lee,TX,Texas
1540,48289,Leon,TX,Texas
1541,48291,Liberty,TX,Texas
1542,48293,Limestone,TX,Texas
1543,48295,Lipscomb,TX,Texas
1544,48297,Live Oak,TX,Texas
1545,48299,Llano,TX,Texas
1546,48301,Loving,TX,Texas
1547,48303,Lubbock,TX,Texas
1548,48305,Lynn,TX,Texas
1549,48307,McCulloch,TX,Texas
1550,48309,McLennan,TX,Texas
1551,48311,McMullen,TX,Texas
1552,48313,Madison,TX,Texas
1553,48315,Marion,TX,Texas
1554,48317,Martin,TX,Texas
1555,48319,Mason,TX,Texas
1556,48321,Matagorda,TX,Texas
1557,48323,Maverick,TX,Texas
1558,48325,Medina,TX,Texas
1559,48327,Menard,TX,Texas
1560,48329,Midland,TX,Texas
1561,48331,Milam,TX,Texas
1562,48333,Mills,TX,Texas
1563,48335,Mitchell,TX,Texas
1564,48337,Montague,TX,Texas
1565,48339,Montgomery,TX,Texas
1566,48341,Moore,TX,Texas
1567,48343,Morris,TX,Texas
1568,48345,Motley,TX,Texas
1569,48347,Nacogdoches,TX,Texas
1570,48349,Navarro,TX,Texas
1571,48351,Newton,TX,Texas
1572,48353,Nolan,TX,Texas
1573,48355,Nueces,TX,Texas
1574,48357,Ochiltree,TX,Texas
1575,48359,Oldham,TX,Texas
1576,48361,Orange,TX,Texas
1577,48363,Palo Pinto,TX,Texas
1578,48365,Panola,TX,Texas
1579,48367,Parker,TX,Texas
1580,48369,Parmer,TX,Texas
1581,48371,Pecos,TX,Texas
1582,48373,Polk,TX,Texas
1583,48375,Potter,TX,Texas
1584,48377,Presidio,TX,Texas
1585,48379,Rains,TX,Texas
1586,48381,Randall,TX,Texas
1587,48383,Reagan,TX,Texas
1588,48385,Real,TX,Texas
1589,48387,Red River,TX,Texas
1590,48389,Reeves,TX,Texas
1591,48391,Refugio,TX,Texas
1592,48393,Roberts,TX,Texas
1593,48395,Robertson,TX,Texas
1594,48397,Rockwall,TX,Texas
1595,48399,Runnels,TX,Texas
1596,48401,Rusk,TX,Texas
1597,48403,Sabine,TX,Texas
1598,48405,San Augustine,TX,Texas
1599,48407,San Jacinto,TX,Texas
1600,48409,San Patricio,TX,Texas
1601,48411,San Saba,TX,Texas
1602,48413,Schleicher,TX,Texas
1603,48415,Scurry,TX,Texas
1604,48417,Shackelford,TX,Texas
1605,48419,Shelby,TX,Texas
1606,48421,Sherman,TX,Texas
1607,48423,Smith,TX,Texas
1608,48425,Somervell,TX,Texas
1609,48427,Starr,TX,Texas
1610,48429,Stephens,TX,Texas
1611,48431,Sterling,TX,Texas
1612,48433,Stonewall,TX,Texas
1613,48435,Sutton,TX,Texas
1614,48437,Swisher,TX,Texas
1615,48439,Tarrant,TX,Texas
1616,48441,Taylor,TX,Texas
1617,48443,Terrell,TX,Texas
1618,48445,Terry,TX,Texas
1619,48447,Throckmorton,TX,Texas
1620,48449,Titus,TX,Texas
1621,48451,Tom Green,TX,Texas
1622,48453,Travis,TX,Texas
1623,48455,Trinity,TX,Texas
1624,48457,Tyler,TX,Texas
1625,48459,Upshur,TX,Texas
1626,48461,Upton,TX,Texas
1627,48463,Uvalde,TX,Texas
1628,48465,Val Verde,TX,Texas
1629,48467,Van Zandt,TX,Texas
1630,48469,Victoria,TX,Texas
1631,48471,Walker,TX,Texas
1632,48473,Waller,TX,Texas
1633,48475,Ward,TX,Texas
1634,48477,Washington,TX,Texas
1635,48479,Webb,TX,Texas
1636,48481,Wharton,TX,Texas
1637,48483,Wheeler,TX,Texas
1638,48485,Wichita,TX,Texas
1639,48487,Wilbarger,TX,Texas
1640,48489,Willacy,TX,Texas
1641,48491,Williamson,TX,Texas
1642,48493,Wilson,TX,Texas
1643,48495,Winkler,TX,Texas
1644,48497,Wise,TX,Texas
1645,48499,Wood,TX,Texas
1646,48501,Yoakum,TX,Texas
1647,48503,Young,TX,Texas
1648,48505,Zapata,TX,Texas
1649,48507,Zavala,TX,Texas
,,State Totals,VA,Virginia
1650,51001,Accomack,VA,Virginia
1651,51003,Albemarle,VA,Virginia
1652,51005,Alleghany,VA,Virginia
1653,51007,Amelia,VA,Virginia
1654,51009,Amherst,VA,Virginia
1655,51011,Appomattox,VA,Virginia
1656,51013,Arlington,VA,Virginia
1657,51015,Augusta,VA,Virginia
1658,51017,Bath,VA,Virginia
1659,51019,Bedford,VA,Virginia
1660,51021,Bland,VA,Virginia
1661,51023,Botetourt,VA,Virginia
1662,51025,Brunswick,VA,Virginia
1663,51027,Buchanan,VA,Virginia
1664,51029,Buckingham,VA,Virginia
1665,51031,Campbell,VA,Virginia
1666,51033,Caroline,VA,Virginia
1667,51035,Carroll,VA,Virginia
1668,51036,Charles City,VA,Virginia
1669,51037,Charlotte,VA,Virginia
1670,51041,Chesterfield,VA,Virginia
1671,51043,Clarke,VA,Virginia
1672,51045,Craig,VA,Virginia
1673,51047,Culpeper,VA,Virginia
1674,51049,Cumberland,VA,Virginia
1675,51051,Dickenson,VA,Virginia
1676,51053,Dinwiddie,VA,Virginia
1677,51057,Essex,VA,Virginia
1678,51059,Fairfax,VA,Virginia
1679,51061,Fauquier,VA,Virginia
1680,51063,Floyd,VA,Virginia
1681,51065,Fluvanna,VA,Virginia
1682,51067,Franklin,VA,Virginia
1683,51069,Frederick,VA,Virginia
1684,51071,Giles,VA,Virginia
1685,51073,Gloucester,VA,Virginia
1686,51075,Goochland,VA,Virginia
1687,51077,Grayson,VA,Virginia
1688,51079,Greene,VA,Virginia
1689,51081,Greensville,VA,Virginia
1690,51083,Halifax,VA,Virginia
1691,51085,Hanover,VA,Virginia
1692,51087,Henrico,VA,Virginia
1693,51089,Henry,VA,Virginia
1694,51091,Highland,VA,Virginia
1695,51093,Isle of Wight,VA,Virginia
1696,51095,James City,VA,Virginia
1697,51097,King and Queen,VA,Virginia
1698,51099,King George,VA,Virginia
1699,51101,King William,VA,Virginia
1700,51103,Lancaster,VA,Virginia
1701,51105,Lee,VA,Virginia
1702,51107,Loudoun,VA,Virginia
1703,51109,Louisa,VA,Virginia
1704,51111,Lunenburg,VA,Virginia
1705,51113,Madison,VA,Virginia
1706,51115,Mathews,VA,Virginia
1707,51117,Mecklenburg,VA,Virginia
1708,51119,Middlesex,VA,Virginia
1709,51121,Montgomery,VA,Virginia
1710,51125,Nelson,VA,Virginia
1711,51127,New Kent,VA,Virginia
1712,51131,Northampton,VA,Virginia
1713,51133,Northumberland,VA,Virginia
1714,51135,Nottoway,VA,Virginia
1715,51137,Orange,VA,Virginia
1716,51139,Page,VA,Virginia
1717,51141,Patrick,VA,Virginia
1718,51143,Pittsylvania,VA,Virginia
1719,51145,Powhatan,VA,Virginia
1720,51147,Prince Edward,VA,Virginia
1721,51149,Prince George,VA,Virginia
1722,51153,Prince William,VA,Virginia
1723,51155,Pulaski,VA,Virginia
1724,51157,Rappahannock,VA,Virginia
1725,51159,Richmond,VA,Virginia
1726,51161,Roanoke,VA,Virginia
1727,51163,Rockbridge,VA,Virginia
1728,51165,Rockingham,VA,Virginia
1729,51167,Russell,VA,Virginia
1730,51169,Scott,VA,Virginia
1731,51171,Shenandoah,VA,Virginia
1732,51173,Smyth,VA,Virginia
1733,51175,Southampton,VA,Virginia
1734,51177,Spotsylvania,VA,Virginia
1735,51179,Stafford,VA,Virginia
1736,51181,Surry,VA,Virginia
1737,51183,Sussex,VA,Virginia
1738,51185,Tazewell,VA,Virginia
1739,51187,Warren,VA,Virginia
1740,51191,Washington,VA,Virginia
1741,51193,Westmoreland,VA,Virginia
1742,51195,Wise,VA,Virginia
1743,51197,Wythe,VA,Virginia
1744,51199,York,VA,Virginia
1745,51510,Alexandria city,VA,Virginia
1746,51515,Bedford city,VA,Virginia
1747,51520,Bristol city,VA,Virginia
1748,51530,Buena Vista city,VA,Virginia
1749,51540,Charlottesville city,VA,Virginia
1750,51550,Chesapeake city,VA,Virginia
1751,51570,Colonial Heights city,VA,Virginia
1752,51580,Covington city,VA,Virginia
1753,51590,Danville city,VA,Virginia
1754,51595,Emporia city,VA,Virginia
1755,51600,Fairfax city,VA,Virginia
1756,51610,Falls Church city,VA,Virginia
1757,51620,Franklin city,VA,Virginia
1758,51630,Fredericksburg city,VA,Virginia
1759,51640,Galax city,VA,Virginia
1760,51650,Hampton city,VA,Virginia
1761,51660,Harrisonburg city,VA,Virginia
1762,51670,Hopewell city,VA,Virginia
1763,51678,Lexington city,VA,Virginia
1764,51680,Lynchburg city,VA,Virginia
1765,51683,Manassas city,VA,Virginia
1766,51685,Manassas Park city,VA,Virginia
1767,51690,Martinsville city,VA,Virginia
1768,51700,Newport News city,VA,Virginia
1769,51710,Norfolk city,VA,Virginia
1770,51720,Norton city,VA,Virginia
1771,51730,Petersburg city,VA,Virginia
1772,51735,Poquoson city,VA,Virginia
1773,51740,Portsmouth city,VA,Virginia
1774,51750,Radford city,VA,Virginia
1775,51760,Richmond city,VA,Virginia
1776,51770,Roanoke city,VA,Virginia
1777,51775,Salem city,VA,Virginia
1778,51790,Staunton city,VA,Virginia
1779,51800,Suffolk city,VA,Virginia
1780,51810,Virginia Beach city,VA,Virginia
1781,51820,Waynesboro city,VA,Virginia
1782,51830,Williamsburg city,VA,Virginia
1783,51840,Winchester city,VA,Virginia
,,State Totals,WA,Washington
1784,53001,Adams,WA,Washington
1785,53003,Asotin,WA,Washington
1786,53005,Benton,WA,Washington
1787,53007,Chelan,WA,Washington
1788,53009,Clallam,WA,Washington
1789,53011,Clark,WA,Washington
1790,53013,Columbia,WA,Washington
1791,53015,Cowlitz,WA,Washington
1792,53017,Douglas,WA,Washington
1793,53019,Ferry,WA,Washington
1794,53021,Franklin,WA,Washington
1795,53023,Garfield,WA,Washington
1796,53025,Grant,WA,Washington
1797,53027,Grays Harbor,WA,Washington
1798,53029,Island,WA,Washington
1799,53031,Jefferson,WA,Washington
1800,53033,King,WA,Washington
1801,53035,Kitsap,WA,Washington
1802,53037,Kittitas,WA,Washington
1803,53039,Klickitat,WA,Washington
1804,53041,Lewis,WA,Washington
1805,53043,Lincoln,WA,Washington
1806,53045,Mason,WA,Washington
1807,53047,Okanogan,WA,Washington
1808,53049,Pacific,WA,Washington
1809,53051,Pend Oreille,WA,Washington
1810,53053,Pierce,WA,Washington
1811,53055,San Juan,WA,Washington
1812,53057,Skagit,WA,Washington
1813,53059,Skamania,WA,Washington
1814,53061,Snohomish,WA,Washington
1815,53063,Spokane,WA,Washington
1816,53065,Stevens,WA,Washington
1817,53067,Thurston,WA,Washington
1818,53069,Wahkiakum,WA,Washington
1819,53071,Walla Walla,WA,Washington
1820,53073,Whatcom,WA,Washington
1821,53075,Whitman,WA,Washington
1822,53077,Yakima,WA,Washington
,,State Totals,WI,Wisconsin
1823,55001,Adams,WI,Wisconsin
1824,55003,Ashland,WI,Wisconsin
1825,55005,Barron,WI,Wisconsin
1826,55007,Bayfield,WI,Wisconsin
1827,55009,Brown,WI,Wisconsin
1828,55011,Buffalo,WI,Wisconsin
1829,55013,Burnett,WI,Wisconsin
1830,55015,Calumet,WI,Wisconsin
1831,55017,Chippewa,WI,Wisconsin
1832,55019,Clark,WI,Wisconsin
1833,55021,Columbia,WI,Wisconsin
1834,55023,Crawford,WI,Wisconsin
1835,55025,Dane,WI,Wisconsin
1836,55027,Dodge,WI,Wisconsin
1837,55029,Door,WI,Wisconsin
1838,55031,Douglas,WI,Wisconsin
1839,55033,Dunn,WI,Wisconsin
1840,55035,Eau Claire,WI,Wisconsin
1841,55037,Florence,WI,Wisconsin
1842,55039,Fond du Lac,WI,Wisconsin
1843,55041,Forest,WI,Wisconsin
1844,55043,Grant,WI,Wisconsin
1845,55045,Green,WI,Wisconsin
1846,55047,Green Lake,WI,Wisconsin
1847,55049,Iowa,WI,Wisconsin
1848,55051,Iron,WI,Wisconsin
1849,55053,Jackson,WI,Wisconsin
1850,55055,Jefferson,WI,Wisconsin
1851,55057,Juneau,WI,Wisconsin
1852,55059,Kenosha,WI,Wisconsin
1853,55061,Kewaunee,WI,Wisconsin
1854,55063,La Crosse,WI,Wisconsin
1855,55065,Lafayette,WI,Wisconsin
1856,55067,Langlade,WI,Wisconsin
1857,55069,Lincoln,WI,Wisconsin
1858,55071,Manitowoc,WI,Wisconsin
1859,55073,Marathon,WI,Wisconsin
1860,55075,Marinette,WI,Wisconsin
1861,55077,Marquette,WI,Wisconsin
1862,55078,Menominee,WI,Wisconsin
1863,55079,Milwaukee,WI,Wisconsin
1864,55081,Monroe,WI,Wisconsin
1865,55083,Oconto,WI,Wisconsin
1866,55085,Oneida,WI,Wisconsin
1867,55087,Outagamie,WI,Wisconsin
1868,55089,Ozaukee,WI,Wisconsin
1869,55091,Pepin,WI,Wisconsin
1870,55093,Pierce,WI,Wisconsin
1871,55095,Polk,WI,Wisconsin
1872,55097,Portage,WI,Wisconsin
1873,55099,Price,WI,Wisconsin
1874,55101,Racine,WI,Wisconsin
1875,55103,Richland,WI,Wisconsin
1876,55105,Rock,WI,Wisconsin
1877,55107,Rusk,WI,Wisconsin
1878,55109,St. Croix,WI,Wisconsin
1879,55111,Sauk,WI,Wisconsin
1880,55113,Sawyer,WI,Wisconsin
1881,55115,Shawano,WI,Wisconsin
1882,55117,Sheboygan,WI,Wisconsin
1883,55119,Taylor,WI,Wisconsin
1884,55121,Trempealeau,WI,Wisconsin
1885,55123,Vernon,WI,Wisconsin
1886,55125,Vilas,WI,Wisconsin
1887,55127,Walworth,WI,Wisconsin
1888,55129,Washburn,WI,Wisconsin
1889,55131,Washington,WI,Wisconsin
1890,55133,Waukesha,WI,Wisconsin
1891,55135,Waupaca,WI,Wisconsin
1892,55137,Waushara,WI,Wisconsin
1893,55139,Winnebago,WI,Wisconsin
1894,55141,Wood,WI,Wisconsin
