Year,Region,Jurisdiction,Source,ProductionMMcf
1977,United States,All,All,3932196
1978,United States,All,All,5111413
1979,United States,All,All,5603025
1980,United States,All,All,5650097
1981,United States,All,All,5693432
1982,United States,All,All,5466050
1983,United States,All,All,4734843
1984,United States,All,All,5220061
1985,United States,All,All,4631756
1986,United States,All,All,4588565
1987,United States,All,All,5078178
1988,United States,All,All,5180875
1989,United States,All,All,5231028
1990,United States,All,All,5509312
1991,United States,All,All,5308457
1992,United States,All,All,5324039
1993,United States,All,All,5373300
1994,United States,All,All,5700666
1995,United States,All,All,5431665
1996,United States,All,All,5843661
1997,United States,All,All,5906329
1998,United States,All,All,5800561
1999,United States,All,All,5689438
2000,United States,All,All,5699377
2001,United States,All,All,5815542
2002,United States,All,All,5312348
2003,United States,All,All,5215683
2004,United States,All,All,4736252
2005,United States,All,All,3889577
2006,United States,All,All,3584190
2007,United States,All,All,3476755
2008,United States,All,All,3028561
2009,United States,All,All,3072285
2010,United States,All,All,2875945
2011,United States,All,All,2416644
2012,United States,All,All,2044643
2013,United States,All,All,1859469
2014,United States,All,All,1804544
2015,United States,All,All,1825337
2016,United States,All,All,1709055
2017,United States,All,All,1556679
2018,United States,All,All,1456967
2019,United States,All,All,1494960
2020,United States,All,All,1270416
2021,United States,All,All,
1977,United States,State,All,
1978,United States,State,All,755671
1979,United States,State,All,780911
1980,United States,State,All,747743
1981,United States,State,All,702765
1982,United States,State,All,693177
1983,United States,State,All,552610
1984,United States,State,All,513279
1985,United States,State,All,446237
1986,United States,State,All,403050
1987,United States,State,All,406377
1988,United States,State,All,434211
1989,United States,State,All,459617
1990,United States,State,All,462652
1991,United States,State,All,458800
1992,United States,State,All,552294
1993,United States,State,All,607435
1994,United States,State,All,704469
1995,United States,State,All,489576
1996,United States,State,All,597239
1997,United States,State,All,590815
1998,United States,State,All,615249
1999,United States,State,All,558692
2000,United States,State,All,655609
2001,United States,State,All,678580
2002,United States,State,All,696905
2003,United States,State,All,710240
2004,United States,State,All,680911
2005,United States,State,All,684671
2006,United States,State,All,629652
2007,United States,State,All,618042
2008,United States,State,All,653704
2009,United States,State,All,586953
2010,United States,State,All,575601
2011,United States,State,All,549151
2012,United States,State,All,489505
2013,United States,State,All,505318
2014,United States,State,All,514291
2015,United States,State,All,502948
2016,United States,State,All,483900
2017,United States,State,All,474511
2018,United States,State,All,460835
2019,United States,State,All,458046
2020,United States,State,All,462655
1977,United States,Federal,All,3932196
1978,United States,Federal,All,4355742
1979,United States,Federal,All,4822114
1980,United States,Federal,All,4902354
1981,United States,Federal,All,4990667
1982,United States,Federal,All,4772873
1983,United States,Federal,All,4182233
1984,United States,Federal,All,4706782
1985,United States,Federal,All,4185519
1986,United States,Federal,All,4185515
1987,United States,Federal,All,4671801
1988,United States,Federal,All,4746664
1989,United States,Federal,All,4771411
1990,United States,Federal,All,5046660
1991,United States,Federal,All,4849657
1992,United States,Federal,All,4771744
1993,United States,Federal,All,4765865
1994,United States,Federal,All,4996197
1995,United States,Federal,All,4942089
1996,United States,Federal,All,5246422
1997,United States,Federal,All,5315514
1998,United States,Federal,All,5185312
1999,United States,Federal,All,5130746
2000,United States,Federal,All,5043769
2001,United States,Federal,All,5136962
2002,United States,Federal,All,4615443
2003,United States,Federal,All,4505443
2004,United States,Federal,All,4055340
2005,United States,Federal,All,3204906
2006,United States,Federal,All,2954538
2007,United States,Federal,All,2858713
2008,United States,Federal,All,2374857
2009,United States,Federal,All,2485331
2010,United States,Federal,All,2300344
2011,United States,Federal,All,1867492
2012,United States,Federal,All,1555138
2013,United States,Federal,All,1354151
2014,United States,Federal,All,1290253
2015,United States,Federal,All,1322389
2016,United States,Federal,All,1225155
2017,United States,Federal,All,1082168
2018,United States,Federal,All,996132
2019,United States,Federal,All,1036914
2020,United States,Federal,All,807761
2021,United States,Federal,All,
1977,United States,State,Gas Wells,
1978,United States,State,Gas Wells,657821
1979,United States,State,Gas Wells,97934
1980,United States,State,Gas Wells,697311
1981,United States,State,Gas Wells,652049
1982,United States,State,Gas Wells,641977
1983,United States,State,Gas Wells,498196
1984,United States,State,Gas Wells,456001
1985,United States,State,Gas Wells,390052
1986,United States,State,Gas Wells,344768
1987,United States,State,Gas Wells,3472980
1988,United States,State,Gas Wells,355370
1989,United States,State,Gas Wells,376033
1990,United States,State,Gas Wells,383544
1991,United States,State,Gas Wells,359112
1992,United States,State,Gas Wells,415486
1993,United States,State,Gas Wells,470487
1994,United States,State,Gas Wells,550079
1995,United States,State,Gas Wells,460659
1996,United States,State,Gas Wells,563746
1997,United States,State,Gas Wells,559098
1998,United States,State,Gas Wells,577177
1999,United States,State,Gas Wells,527126
2000,United States,State,Gas Wells,481322
2001,United States,State,Gas Wells,508374
2002,United States,State,Gas Wells,485126
2003,United States,State,Gas Wells,456090
2004,United States,State,Gas Wells,401662
2005,United States,State,Gas Wells,363652
2006,United States,State,Gas Wells,321261
2007,United States,State,Gas Wells,276117
2008,United States,State,Gas Wells,297565
2009,United States,State,Gas Wells,259848
2010,United States,State,Gas Wells,234236
2011,United States,State,Gas Wells,208970
2012,United States,State,Gas Wells,204667
2013,United States,State,Gas Wells,186887
2014,United States,State,Gas Wells,158873
2015,United States,State,Gas Wells,138512
2016,United States,State,Gas Wells,130002
2017,United States,State,Gas Wells,109865
2018,United States,State,Gas Wells,103700
2019,United States,State,Gas Wells,97546
2020,United States,State,Gas Wells,88470
2021,United States,State,Gas Wells,
1977,United States,Federal,Gas Wells,3515143
1978,United States,Federal,Gas Wells,3972095
1979,United States,Federal,Gas Wells,4452146
1980,United States,Federal,Gas Wells,4516781
1981,United States,Federal,Gas Wells,4613422
1982,United States,Federal,Gas Wells,4372744
1983,United States,Federal,Gas Wells,3720437
1984,United States,Federal,Gas Wells,4183582
1985,United States,Federal,Gas Wells,3614786
1986,United States,Federal,Gas Wells,3585537
1987,United States,Federal,Gas Wells,4134700
1988,United States,Federal,Gas Wells,4249592
1989,United States,Federal,Gas Wells,4286261
1990,United States,Federal,Gas Wells,4562144
1991,United States,Federal,Gas Wells,4314407
1992,United States,Federal,Gas Wells,4258686
1993,United States,Federal,Gas Wells,4215015
1994,United States,Federal,Gas Wells,4373962
1995,United States,Federal,Gas Wells,4288219
1996,United States,Federal,Gas Wells,4558997
1997,United States,Federal,Gas Wells,4586352
1998,United States,Federal,Gas Wells,4381022
1999,United States,Federal,Gas Wells,4225452
2000,United States,Federal,Gas Wells,4092681
2001,United States,Federal,Gas Wells,4146993
2002,United States,Federal,Gas Wells,3722249
2003,United States,Federal,Gas Wells,3565614
2004,United States,Federal,Gas Wells,3214488
2005,United States,Federal,Gas Wells,2474076
2006,United States,Federal,Gas Wells,2272669
2007,United States,Federal,Gas Wells,2204379
2008,United States,Federal,Gas Wells,1849891
2009,United States,Federal,Gas Wells,1878928
2010,United States,Federal,Gas Wells,1701665
2011,United States,Federal,Gas Wells,1355489
2012,United States,Federal,Gas Wells,1028474
2013,United States,Federal,Gas Wells,831636
2014,United States,Federal,Gas Wells,713722
2015,United States,Federal,Gas Wells,673930
2016,United States,Federal,Gas Wells,573924
2017,United States,Federal,Gas Wells,455475
2018,United States,Federal,Gas Wells,373185
2019,United States,Federal,Gas Wells,337516
2020,United States,Federal,Gas Wells,236469
2021,United States,Federal,Gas Wells,
1977,United States,State,Oil Wells,
1978,United States,State,Oil Wells,97850
1979,United States,State,Oil Wells,682977
1980,United States,State,Oil Wells,50432
1981,United States,State,Oil Wells,50716
1982,United States,State,Oil Wells,51200
1983,United States,State,Oil Wells,54414
1984,United States,State,Oil Wells,57278
1985,United States,State,Oil Wells,56185
1986,United States,State,Oil Wells,58282
1987,United States,State,Oil Wells,59079
1988,United States,State,Oil Wells,78841
1989,United States,State,Oil Wells,83584
1990,United States,State,Oil Wells,79108
1991,United States,State,Oil Wells,99688
1992,United States,State,Oil Wells,136809
1993,United States,State,Oil Wells,136948
1994,United States,State,Oil Wells,154390
1995,United States,State,Oil Wells,28917
1996,United States,State,Oil Wells,33493
1997,United States,State,Oil Wells,31717
1998,United States,State,Oil Wells,38072
1999,United States,State,Oil Wells,31566
2000,United States,State,Oil Wells,174287
2001,United States,State,Oil Wells,170206
2002,United States,State,Oil Wells,211778
2003,United States,State,Oil Wells,254150
2004,United States,State,Oil Wells,279249
2005,United States,State,Oil Wells,321019
2006,United States,State,Oil Wells,308391
2007,United States,State,Oil Wells,341925
2008,United States,State,Oil Wells,356139
2009,United States,State,Oil Wells,327105
2010,United States,State,Oil Wells,341365
2011,United States,State,Oil Wells,340182
2012,United States,State,Oil Wells,284838
2013,United States,State,Oil Wells,318431
2014,United States,State,Oil Wells,355418
2015,United States,State,Oil Wells,364436
2016,United States,State,Oil Wells,353898
2017,United States,State,Oil Wells,364646
2018,United States,State,Oil Wells,357135
2019,United States,State,Oil Wells,360500
2020,United States,State,Oil Wells,374185
2021,United States,State,Oil Wells,
1977,United States,Federal,Oil Wells,417053
1978,United States,Federal,Oil Wells,383647
1979,United States,Federal,Oil Wells,369968
1980,United States,Federal,Oil Wells,385573
1981,United States,Federal,Oil Wells,377245
1982,United States,Federal,Oil Wells,400129
1983,United States,Federal,Oil Wells,461796
1984,United States,Federal,Oil Wells,523200
1985,United States,Federal,Oil Wells,570733
1986,United States,Federal,Oil Wells,599978
1987,United States,Federal,Oil Wells,537101
1988,United States,Federal,Oil Wells,497072
1989,United States,Federal,Oil Wells,485150
1990,United States,Federal,Oil Wells,484516
1991,United States,Federal,Oil Wells,535250
1992,United States,Federal,Oil Wells,513058
1993,United States,Federal,Oil Wells,550850
1994,United States,Federal,Oil Wells,622235
1995,United States,Federal,Oil Wells,653870
1996,United States,Federal,Oil Wells,687424
1997,United States,Federal,Oil Wells,729162
1998,United States,Federal,Oil Wells,804290
1999,United States,Federal,Oil Wells,905293
2000,United States,Federal,Oil Wells,951088
2001,United States,Federal,Oil Wells,989969
2002,United States,Federal,Oil Wells,893193
2003,United States,Federal,Oil Wells,939828
2004,United States,Federal,Oil Wells,840852
2005,United States,Federal,Oil Wells,730830
2006,United States,Federal,Oil Wells,681869
2007,United States,Federal,Oil Wells,654334
2008,United States,Federal,Oil Wells,524965
2009,United States,Federal,Oil Wells,606403
2010,United States,Federal,Oil Wells,598679
2011,United States,Federal,Oil Wells,512003
2012,United States,Federal,Oil Wells,526664
2013,United States,Federal,Oil Wells,522515
2014,United States,Federal,Oil Wells,576531
2015,United States,Federal,Oil Wells,648459
2016,United States,Federal,Oil Wells,651231
2017,United States,Federal,Oil Wells,626693
2018,United States,Federal,Oil Wells,622947
2019,United States,Federal,Oil Wells,699398
2020,United States,Federal,Oil Wells,571292
2021,United States,Federal,Oil Wells,
2021,United States,,,
,,,,
1977,Alabama,All,All,
1978,Alabama,All,All,
1979,Alabama,All,All,
1980,Alabama,All,All,
1981,Alabama,All,All,
1982,Alabama,All,All,
1983,Alabama,All,All,
1984,Alabama,All,All,
1985,Alabama,All,All,
1986,Alabama,All,All,
1987,Alabama,All,All,0
1988,Alabama,All,All,9
1989,Alabama,All,All,13
1990,Alabama,All,All,19861
1991,Alabama,All,All,32603
1992,Alabama,All,All,191605
1993,Alabama,All,All,218023
1994,Alabama,All,All,349380
1995,Alabama,All,All,356598
1996,Alabama,All,All,361068
1997,Alabama,All,All,409091
1998,Alabama,All,All,392320
1999,Alabama,All,All,376435
2000,Alabama,All,All,361289
2001,Alabama,All,All,200862
2002,Alabama,All,All,202002
2003,Alabama,All,All,194339
2004,Alabama,All,All,165630
2005,Alabama,All,All,152902
2006,Alabama,All,All,145762
2007,Alabama,All,All,134451
2008,Alabama,All,All,125502
2009,Alabama,All,All,109214
2010,Alabama,All,All,101487
2011,Alabama,All,All,84270
2012,Alabama,All,All,87398
2013,Alabama,All,All,75660
2014,Alabama,All,All,70829
2015,Alabama,All,All,64184
2016,Alabama,All,All,65009
2017,Alabama,All,All,60931
2018,Alabama,All,All,57066
2019,Alabama,All,All,54347
2020,Alabama,All,All,48299
2021,Alabama,All,All,
,,,,
,,,,
1977,Alabama,State,All,
1978,Alabama,State,All,
1979,Alabama,State,All,
1980,Alabama,State,All,
1981,Alabama,State,All,
1982,Alabama,State,All,
1983,Alabama,State,All,
1984,Alabama,State,All,
1985,Alabama,State,All,
1986,Alabama,State,All,
1987,Alabama,State,All,0
1988,Alabama,State,All,9
1989,Alabama,State,All,13
1990,Alabama,State,All,19861
1991,Alabama,State,All,32603
1992,Alabama,State,All,191605
1993,Alabama,State,All,218023
1994,Alabama,State,All,349380
1995,Alabama,State,All,356598
1996,Alabama,State,All,361068
1997,Alabama,State,All,409091
1998,Alabama,State,All,392320
1999,Alabama,State,All,376435
2000,Alabama,State,All,361289
2001,Alabama,State,All,200862
2002,Alabama,State,All,202002
2003,Alabama,State,All,194339
2004,Alabama,State,All,165630
2005,Alabama,State,All,152902
2006,Alabama,State,All,145762
2007,Alabama,State,All,134451
2008,Alabama,State,All,125502
2009,Alabama,State,All,109214
2010,Alabama,State,All,101487
2011,Alabama,State,All,84270
2012,Alabama,State,All,87398
2013,Alabama,State,All,75660
2014,Alabama,State,All,70829
2015,Alabama,State,All,64184
2016,Alabama,State,All,65009
2017,Alabama,State,All,60931
2018,Alabama,State,All,57066
2019,Alabama,State,All,54347
2020,Alabama,State,All,48299
2021,Alabama,State,All,
,Alabama,State,All,
,Alabama,,,
1977,Alabama,Federal,All,
1978,Alabama,Federal,All,
1979,Alabama,Federal,All,
1980,Alabama,Federal,All,
1981,Alabama,Federal,All,
1982,Alabama,Federal,All,
1983,Alabama,Federal,All,
1984,Alabama,Federal,All,
1985,Alabama,Federal,All,
1986,Alabama,Federal,All,
1987,Alabama,Federal,All,0
1988,Alabama,Federal,All,0
1989,Alabama,Federal,All,0
1990,Alabama,Federal,All,0
1991,Alabama,Federal,All,0
1992,Alabama,Federal,All,79294
1993,Alabama,Federal,All,86515
1994,Alabama,Federal,All,120502
1995,Alabama,Federal,All,143703
1996,Alabama,Federal,All,152055
1997,Alabama,Federal,All,194677
1998,Alabama,Federal,All,170320
1999,Alabama,Federal,All,163763
2000,Alabama,Federal,All,160208
2001,Alabama,Federal,All,
2002,Alabama,Federal,All,
2003,Alabama,Federal,All,
2004,Alabama,Federal,All,
2005,Alabama,Federal,All,
2006,Alabama,Federal,All,
2007,Alabama,Federal,All,
2008,Alabama,Federal,All,
2009,Alabama,Federal,All,
2010,Alabama,Federal,All,
2011,Alabama,Federal,All,
2012,Alabama,Federal,All,0
2013,Alabama,Federal,All,0
2014,Alabama,Federal,All,0
2015,Alabama,Federal,All,0
2016,Alabama,Federal,All,0
2017,Alabama,Federal,All,0
2018,Alabama,Federal,All,0
2019,Alabama,Federal,All,0
2020,Alabama,Federal,All,0
2021,Alabama,Federal,All,
,,,,
1977,Alabama,Federal,Oil Wells,
1978,Alabama,Federal,Oil Wells,72813
1979,Alabama,Federal,Oil Wells,71946
1980,Alabama,Federal,Oil Wells,63355
1981,Alabama,Federal,Oil Wells,71477
1982,Alabama,Federal,Oil Wells,66852
1983,Alabama,Federal,Oil Wells,68776
1984,Alabama,Federal,Oil Wells,68315
1985,Alabama,Federal,Oil Wells,62454
1986,Alabama,Federal,Oil Wells,63007
1987,Alabama,Federal,Oil Wells,69656
1988,Alabama,Federal,Oil Wells,101440
1989,Alabama,Federal,Oil Wells,122595
1990,Alabama,Federal,Oil Wells,144064
1991,Alabama,Federal,Oil Wells,171665
1992,Alabama,Federal,Oil Wells,216377
1993,Alabama,Federal,Oil Wells,233198
1994,Alabama,Federal,Oil Wells,224301
1995,Alabama,Federal,Oil Wells,113552
1996,Alabama,Federal,Oil Wells,126051
1997,Alabama,Federal,Oil Wells,123854
1998,Alabama,Federal,Oil Wells,133111
1999,Alabama,Federal,Oil Wells,125841
2000,Alabama,Federal,Oil Wells,263958
2001,Alabama,Federal,Oil Wells,262937
2002,Alabama,Federal,Oil Wells,293580
2003,Alabama,Federal,Oil Wells,322010
2004,Alabama,Federal,Oil Wells,334125
2005,Alabama,Federal,Oil Wells,380568
2006,Alabama,Federal,Oil Wells,354816
2007,Alabama,Federal,Oil Wells,374204
2008,Alabama,Federal,Oil Wells,388188
2009,Alabama,Federal,Oil Wells,357490
2010,Alabama,Federal,Oil Wells,370148
2011,Alabama,Federal,Oil Wells,364702
2012,Alabama,Federal,Oil Wells,307306
2013,Alabama,Federal,Oil Wells,332402
2014,Alabama,Federal,Oil Wells,365135
2015,Alabama,Federal,Oil Wells,370657
2016,Alabama,Federal,Oil Wells,361678
2017,Alabama,Federal,Oil Wells,369016
2018,Alabama,Federal,Oil Wells,372387
2019,Alabama,Federal,Oil Wells,368029
2020,Alabama,Federal,Oil Wells,385378
2021,Alabama,Federal,Oil Wells,
,,,,
1977,Alaska,All,All,
1978,Alaska,All,All,72813
1979,Alaska,All,All,71946
1980,Alaska,All,All,63355
1981,Alaska,All,All,71477
1982,Alaska,All,All,66852
1983,Alaska,All,All,68776
1984,Alaska,All,All,68315
1985,Alaska,All,All,62454
1986,Alaska,All,All,63007
1987,Alaska,All,All,69656
1988,Alaska,All,All,101440
1989,Alaska,All,All,122595
1990,Alaska,All,All,144064
1991,Alaska,All,All,171665
1992,Alaska,All,All,216377
1993,Alaska,All,All,233198
1994,Alaska,All,All,224301
1995,Alaska,All,All,113552
1996,Alaska,All,All,126051
1997,Alaska,All,All,123854
1998,Alaska,All,All,133111
1999,Alaska,All,All,125841
2000,Alaska,All,All,263958
2001,Alaska,All,All,262937
2002,Alaska,All,All,293580
2003,Alaska,All,All,322010
2004,Alaska,All,All,334125
2005,Alaska,All,All,380568
2006,Alaska,All,All,354816
2007,Alaska,All,All,374204
2008,Alaska,All,All,388188
2009,Alaska,All,All,357490
2010,Alaska,All,All,370148
2011,Alaska,All,All,364702
2012,Alaska,All,All,307306
2013,Alaska,All,All,332402
2014,Alaska,All,All,365135
2015,Alaska,All,All,370657
2016,Alaska,All,All,361678
2017,Alaska,All,All,369016
2018,Alaska,All,All,372387
2019,Alaska,All,All,368029
2020,Alaska,All,All,385378
2021,Alaska,All,All,
,,,,
1977,Alaska,State,Gas Wells,
1978,Alaska,State,Gas Wells,72813
1979,Alaska,State,Gas Wells,71946
1980,Alaska,State,Gas Wells,63355
1981,Alaska,State,Gas Wells,71477
1982,Alaska,State,Gas Wells,66852
1983,Alaska,State,Gas Wells,68776
1984,Alaska,State,Gas Wells,68315
1985,Alaska,State,Gas Wells,62454
1986,Alaska,State,Gas Wells,63007
1987,Alaska,State,Gas Wells,69656
1988,Alaska,State,Gas Wells,101440
1989,Alaska,State,Gas Wells,122595
1990,Alaska,State,Gas Wells,144064
1991,Alaska,State,Gas Wells,171665
1992,Alaska,State,Gas Wells,216377
1993,Alaska,State,Gas Wells,233198
1994,Alaska,State,Gas Wells,224301
1995,Alaska,State,Gas Wells,113552
1996,Alaska,State,Gas Wells,126051
1997,Alaska,State,Gas Wells,123854
1998,Alaska,State,Gas Wells,133111
1999,Alaska,State,Gas Wells,125841
2000,Alaska,State,Gas Wells,263958
2001,Alaska,State,Gas Wells,262937
2002,Alaska,State,Gas Wells,293580
2003,Alaska,State,Gas Wells,322010
2004,Alaska,State,Gas Wells,334125
2005,Alaska,State,Gas Wells,380568
2006,Alaska,State,Gas Wells,354816
2007,Alaska,State,Gas Wells,374204
2008,Alaska,State,Gas Wells,388188
2009,Alaska,State,Gas Wells,357490
2010,Alaska,State,Gas Wells,370148
2011,Alaska,State,Gas Wells,364702
2012,Alaska,State,Gas Wells,307306
2013,Alaska,State,Gas Wells,332402
2014,Alaska,State,Gas Wells,365135
2015,Alaska,State,Gas Wells,370657
2016,Alaska,State,Gas Wells,361678
2017,Alaska,State,Gas Wells,369016
2018,Alaska,State,Gas Wells,372387
2019,Alaska,State,Gas Wells,368029
2020,Alaska,State,Gas Wells,385378
2021,Alaska,State,Gas Wells,
,,,,
1977,Alaska,State,Oil Wells,
1978,Alaska,State,Oil Wells,18689
1979,Alaska,State,Oil Wells,15053
1980,Alaska,State,Oil Wells,13959
1981,Alaska,State,Oil Wells,13526
1982,Alaska,State,Oil Wells,12554
1983,Alaska,State,Oil Wells,12405
1984,Alaska,State,Oil Wells,11263
1985,Alaska,State,Oil Wells,9412
1986,Alaska,State,Oil Wells,9547
1987,Alaska,State,Oil Wells,16422
1988,Alaska,State,Oil Wells,43562
1989,Alaska,State,Oil Wells,50165
1990,Alaska,State,Oil Wells,49422
1991,Alaska,State,Oil Wells,70932
1992,Alaska,State,Oil Wells,106311
1993,Alaska,State,Oil Wells,105363
1994,Alaska,State,Oil Wells,124501
1995,Alaska,State,Oil Wells,7684
1996,Alaska,State,Oil Wells,7055
1997,Alaska,State,Oil Wells,7919
1998,Alaska,State,Oil Wells,7880
1999,Alaska,State,Oil Wells,6938
2000,Alaska,State,Oil Wells,149077
2001,Alaska,State,Oil Wells,149067
2002,Alaska,State,Oil Wells,190608
2003,Alaska,State,Oil Wells,236404
2004,Alaska,State,Oil Wells,260667
2005,Alaska,State,Oil Wells,305641
2006,Alaska,State,Oil Wells,292660
2007,Alaska,State,Oil Wells,325328
2008,Alaska,State,Oil Wells,345109
2009,Alaska,State,Oil Wells,316537
2010,Alaska,State,Oil Wells,328114
2011,Alaska,State,Oil Wells,328500
2012,Alaska,State,Oil Wells,274431
2013,Alaska,State,Oil Wells,305253
2014,Alaska,State,Oil Wells,342482
2015,Alaska,State,Oil Wells,354196
2016,Alaska,State,Oil Wells,344708
2017,Alaska,State,Oil Wells,356088
2018,Alaska,State,Oil Wells,351625
2019,Alaska,State,Oil Wells,352181
2020,Alaska,State,Oil Wells,367154
2021,Alaska,State,Oil Wells,
,,,,
1977,California,All,All,5417
1978,California,All,All,19929
1979,California,All,All,20394
1980,California,All,All,19980
1981,California,All,All,26692
1982,California,All,All,31904
1983,California,All,All,38084
1984,California,All,All,60207
1985,California,All,All,84062
1986,California,All,All,77355
1987,California,All,All,67835
1988,California,All,All,60308
1989,California,All,All,59889
1990,California,All,All,58055
1991,California,All,All,59465
1992,California,All,All,62473
1993,California,All,All,58635
1994,California,All,All,60765
1995,California,All,All,60694
1996,California,All,All,73092
1997,California,All,All,80516
1998,California,All,All,81868
1999,California,All,All,84547
2000,California,All,All,83882
2001,California,All,All,78209
2002,California,All,All,74884
2003,California,All,All,64961
2004,California,All,All,61622
2005,California,All,All,60773
2006,California,All,All,47217
2007,California,All,All,52805
2008,California,All,All,51931
2009,California,All,All,47281
2010,California,All,All,46755
2011,California,All,All,41742
2012,California,All,All,32313
2013,California,All,All,32924
2014,California,All,All,20320
2015,California,All,All,19877
2016,California,All,All,8984
2017,California,All,All,8480
2018,California,All,All,4827
2019,California,All,All,6995
2020,California,All,All,6518
2021,California,All,All,
,California,,,
1977,California,State,All,
1978,California,State,All,14763
1979,California,State,All,14963
1980,California,State,All,14080
1981,California,State,All,13929
1982,California,State,All,14153
1983,California,State,All,13916
1984,California,State,All,13844
1985,California,State,All,19504
1986,California,State,All,18277
1987,California,State,All,13030
1988,California,State,All,11141
1989,California,State,All,9098
1990,California,State,All,8083
1991,California,State,All,7610
1992,California,State,All,7242
1993,California,State,All,6484
1994,California,State,All,7204
1995,California,State,All,5904
1996,California,State,All,6309
1997,California,State,All,7171
1998,California,State,All,6883
1999,California,State,All,6738
2000,California,State,All,7808
2001,California,State,All,7262
2002,California,State,All,7068
2003,California,State,All,6866
2004,California,State,All,6966
2005,California,State,All,6685
2006,California,State,All,6809
2007,California,State,All,7289
2008,California,State,All,7029
2009,California,State,All,6052
2010,California,State,All,5554
2011,California,State,All,5163
2012,California,State,All,5051
2013,California,State,All,5470
2014,California,State,All,5805
2015,California,State,All,5129
2016,California,State,All,4485
2017,California,State,All,4530
2018,California,State,All,1399
2019,California,State,All,4119
2020,California,State,All,3766
2021,California,State,All,
,,,,
1977,California,State,Gas Wells,
1978,California,State,Gas Wells,3537
1979,California,State,Gas Wells,2134
1980,California,State,Gas Wells,2446
1981,California,State,Gas Wells,2170
1982,California,State,Gas Wells,1931
1983,California,State,Gas Wells,1799
1984,California,State,Gas Wells,1319
1985,California,State,Gas Wells,6126
1986,California,State,Gas Wells,5342
1987,California,State,Gas Wells,2068
1988,California,State,Gas Wells,1413
1989,California,State,Gas Wells,855
1990,California,State,Gas Wells,340
1991,California,State,Gas Wells,0
1992,California,State,Gas Wells,0
1993,California,State,Gas Wells,0
1994,California,State,Gas Wells,0
1995,California,State,Gas Wells,0
1996,California,State,Gas Wells,0
1997,California,State,Gas Wells,0
1998,California,State,Gas Wells,0
1999,California,State,Gas Wells,0
2000,California,State,Gas Wells,0
2001,California,State,Gas Wells,0
2002,California,State,Gas Wells,0
2003,California,State,Gas Wells,0
2004,California,State,Gas Wells,0
2005,California,State,Gas Wells,0
2006,California,State,Gas Wells,156
2007,California,State,Gas Wells,312
2008,California,State,Gas Wells,266
2009,California,State,Gas Wells,582
2010,California,State,Gas Wells,71
2011,California,State,Gas Wells,259
2012,California,State,Gas Wells,640
2013,California,State,Gas Wells,413
2014,California,State,Gas Wells,410
2015,California,State,Gas Wells,452
2016,California,State,Gas Wells,305
2017,California,State,Gas Wells,115
2018,California,State,Gas Wells,70
2019,California,State,Gas Wells,191
2020,California,State,Gas Wells,228
2021,California,State,Gas Wells,
,,,,
1977,California,State,Oil Wells,
1978,California,State,Oil Wells,11226
1979,California,State,Oil Wells,12829
1980,California,State,Oil Wells,11634
1981,California,State,Oil Wells,11759
1982,California,State,Oil Wells,12222
1983,California,State,Oil Wells,12117
1984,California,State,Oil Wells,12525
1985,California,State,Oil Wells,13378
1986,California,State,Oil Wells,12935
1987,California,State,Oil Wells,10962
1988,California,State,Oil Wells,9728
1989,California,State,Oil Wells,8243
1990,California,State,Oil Wells,7743
1991,California,State,Oil Wells,7610
1992,California,State,Oil Wells,7242
1993,California,State,Oil Wells,6484
1994,California,State,Oil Wells,7204
1995,California,State,Oil Wells,5904
1996,California,State,Oil Wells,6309
1997,California,State,Oil Wells,7171
1998,California,State,Oil Wells,6883
1999,California,State,Oil Wells,6738
2000,California,State,Oil Wells,7808
2001,California,State,Oil Wells,7262
2002,California,State,Oil Wells,7068
2003,California,State,Oil Wells,6866
2004,California,State,Oil Wells,6966
2005,California,State,Oil Wells,6685
2006,California,State,Oil Wells,6654
2007,California,State,Oil Wells,6977
2008,California,State,Oil Wells,6764
2009,California,State,Oil Wells,5470
2010,California,State,Oil Wells,5483
2011,California,State,Oil Wells,4904
2012,California,State,Oil Wells,4411
2013,California,State,Oil Wells,5057
2014,California,State,Oil Wells,5395
2015,California,State,Oil Wells,4677
2016,California,State,Oil Wells,4181
2017,California,State,Oil Wells,4415
2018,California,State,Oil Wells,1329
2019,California,State,Oil Wells,3928
2020,California,State,Oil Wells,3539
2021,California,State,Oil Wells,
,,,,
1977,California,Federal,All,0
1978,California,Federal,All,0
1979,California,Federal,All,0
1980,California,Federal,All,0
1981,California,Federal,All,0
1982,California,Federal,All,0
1983,California,Federal,All,3986
1984,California,Federal,All,18920
1985,California,Federal,All,31227
1986,California,Federal,All,27279
1987,California,Federal,All,23425
1988,California,Federal,All,17931
1989,California,Federal,All,12246
1990,California,Federal,All,15640
1991,California,Federal,All,16464
1992,California,Federal,All,13947
1993,California,Federal,All,10618
1994,California,Federal,All,11064
1995,California,Federal,All,7874
1996,California,Federal,All,5508
1997,California,Federal,All,4260
1998,California,Federal,All,3966
1999,California,Federal,All,2775
2000,California,Federal,All,7323
2001,California,Federal,All,3913
2002,California,Federal,All,3080
2003,California,Federal,All,1731
2004,California,Federal,All,850
2005,California,Federal,All,684
2006,California,Federal,All,2094
2007,California,Federal,All,2137
2008,California,Federal,All,1601
2009,California,Federal,All,1206
2010,California,Federal,All,1757
2011,California,Federal,All,1560
2012,California,Federal,All,14559
2013,California,Federal,All,14296
2014,California,Federal,All,7007
2015,California,Federal,All,6145
2016,California,Federal,All,896
2017,California,Federal,All,804
2018,California,Federal,All,757
2019,California,Federal,All,627
2020,California,Federal,All,593
2021,California,Federal,All,
,California,,,
1977,California,Federal,Gas Wells,0
1978,California,Federal,Gas Wells,0
1979,California,Federal,Gas Wells,0
1980,California,Federal,Gas Wells,0
1981,California,Federal,Gas Wells,0
1982,California,Federal,Gas Wells,0
1983,California,Federal,Gas Wells,3986
1984,California,Federal,Gas Wells,18920
1985,California,Federal,Gas Wells,31227
1986,California,Federal,Gas Wells,27279
1987,California,Federal,Gas Wells,23425
1988,California,Federal,Gas Wells,17931
1989,California,Federal,Gas Wells,12246
1990,California,Federal,Gas Wells,15640
1991,California,Federal,Gas Wells,16464
1992,California,Federal,Gas Wells,13947
1993,California,Federal,Gas Wells,10618
1994,California,Federal,Gas Wells,11064
1995,California,Federal,Gas Wells,7874
1996,California,Federal,Gas Wells,5508
1997,California,Federal,Gas Wells,4260
1998,California,Federal,Gas Wells,3966
1999,California,Federal,Gas Wells,2775
2000,California,Federal,Gas Wells,7323
2001,California,Federal,Gas Wells,3913
2002,California,Federal,Gas Wells,3080
2003,California,Federal,Gas Wells,1731
2004,California,Federal,Gas Wells,850
2005,California,Federal,Gas Wells,684
2006,California,Federal,Gas Wells,2094
2007,California,Federal,Gas Wells,2137
2008,California,Federal,Gas Wells,1601
2009,California,Federal,Gas Wells,1206
2010,California,Federal,Gas Wells,1757
2011,California,Federal,Gas Wells,1560
2012,California,Federal,Gas Wells,14559
2013,California,Federal,Gas Wells,14296
2014,California,Federal,Gas Wells,7007
2015,California,Federal,Gas Wells,6145
2016,California,Federal,Gas Wells,896
2017,California,Federal,Gas Wells,804
2018,California,Federal,Gas Wells,757
2019,California,Federal,Gas Wells,627
2020,California,Federal,Gas Wells,593
2021,California,Federal,Gas Wells,
,,,,
1977,California,Federal,Oil Wells,5417
1978,California,Federal,Oil Wells,5166
1979,California,Federal,Oil Wells,5431
1980,California,Federal,Oil Wells,5900
1981,California,Federal,Oil Wells,12763
1982,California,Federal,Oil Wells,17751
1983,California,Federal,Oil Wells,20182
1984,California,Federal,Oil Wells,27443
1985,California,Federal,Oil Wells,33331
1986,California,Federal,Oil Wells,31799
1987,California,Federal,Oil Wells,31380
1988,California,Federal,Oil Wells,31236
1989,California,Federal,Oil Wells,38545
1990,California,Federal,Oil Wells,34332
1991,California,Federal,Oil Wells,35391
1992,California,Federal,Oil Wells,41284
1993,California,Federal,Oil Wells,41532
1994,California,Federal,Oil Wells,42497
1995,California,Federal,Oil Wells,46916
1996,California,Federal,Oil Wells,61276
1997,California,Federal,Oil Wells,69084
1998,California,Federal,Oil Wells,71019
1999,California,Federal,Oil Wells,75034
2000,California,Federal,Oil Wells,68752
2001,California,Federal,Oil Wells,67034
2002,California,Federal,Oil Wells,64735
2003,California,Federal,Oil Wells,56363
2004,California,Federal,Oil Wells,53805
2005,California,Federal,Oil Wells,53404
2006,California,Federal,Oil Wells,38313
2007,California,Federal,Oil Wells,43379
2008,California,Federal,Oil Wells,43300
2009,California,Federal,Oil Wells,40023
2010,California,Federal,Oil Wells,39444
2011,California,Federal,Oil Wells,35020
2012,California,Federal,Oil Wells,12703
2013,California,Federal,Oil Wells,13158
2014,California,Federal,Oil Wells,7508
2015,California,Federal,Oil Wells,8603
2016,California,Federal,Oil Wells,3603
2017,California,Federal,Oil Wells,3146
2018,California,Federal,Oil Wells,2671
2019,California,Federal,Oil Wells,2249
2020,California,Federal,Oil Wells,2158
2021,California,Federal,Oil Wells,
,,,,
1977,Gulf of Mexico,All,Gas Wells,
1978,Gulf of Mexico,All,Gas Wells,
1979,Gulf of Mexico,All,Gas Wells,
1980,Gulf of Mexico,All,Gas Wells,
1981,Gulf of Mexico,All,Gas Wells,
1982,Gulf of Mexico,All,Gas Wells,
1983,Gulf of Mexico,All,Gas Wells,
1984,Gulf of Mexico,All,Gas Wells,
1985,Gulf of Mexico,All,Gas Wells,
1986,Gulf of Mexico,All,Gas Wells,
1987,Gulf of Mexico,All,Gas Wells,
1988,Gulf of Mexico,All,Gas Wells,
1989,Gulf of Mexico,All,Gas Wells,
1990,Gulf of Mexico,All,Gas Wells,
1991,Gulf of Mexico,All,Gas Wells,
1992,Gulf of Mexico,All,Gas Wells,
1993,Gulf of Mexico,All,Gas Wells,
1994,Gulf of Mexico,All,Gas Wells,
1995,Gulf of Mexico,All,Gas Wells,
1996,Gulf of Mexico,All,Gas Wells,
1997,Gulf of Mexico,All,Gas Wells,
1998,Gulf of Mexico,All,Gas Wells,
1999,Gulf of Mexico,All,Gas Wells,0
2000,Gulf of Mexico,All,Gas Wells,0
2001,Gulf of Mexico,All,Gas Wells,5066015
2002,Gulf of Mexico,All,Gas Wells,4547627
2003,Gulf of Mexico,All,Gas Wells,4447348
2004,Gulf of Mexico,All,Gas Wells,4000685
2005,Gulf of Mexico,All,Gas Wells,3150818
2006,Gulf of Mexico,All,Gas Wells,2914131
2007,Gulf of Mexico,All,Gas Wells,2813197
2008,Gulf of Mexico,All,Gas Wells,2329955
2009,Gulf of Mexico,All,Gas Wells,2444102
2010,Gulf of Mexico,All,Gas Wells,2259144
2011,Gulf of Mexico,All,Gas Wells,1830913
2012,Gulf of Mexico,All,Gas Wells,1527875
2013,Gulf of Mexico,All,Gas Wells,1326697
2014,Gulf of Mexico,All,Gas Wells,1275738
2015,Gulf of Mexico,All,Gas Wells,1307641
2016,Gulf of Mexico,All,Gas Wells,1220656
2017,Gulf of Mexico,All,Gas Wells,1078218
2018,Gulf of Mexico,All,Gas Wells,992704
2019,Gulf of Mexico,All,Gas Wells,1034038
2020,Gulf of Mexico,All,Gas Wells,805010
2021,Gulf of Mexico,All,Gas Wells,
,Gulf of Mexico,,,
1977,Gulf of Mexico,Federal,All,
1978,Gulf of Mexico,Federal,All,
1979,Gulf of Mexico,Federal,All,
1980,Gulf of Mexico,Federal,All,
1981,Gulf of Mexico,Federal,All,
1982,Gulf of Mexico,Federal,All,
1983,Gulf of Mexico,Federal,All,
1984,Gulf of Mexico,Federal,All,
1985,Gulf of Mexico,Federal,All,
1986,Gulf of Mexico,Federal,All,
1987,Gulf of Mexico,Federal,All,
1988,Gulf of Mexico,Federal,All,
1989,Gulf of Mexico,Federal,All,
1990,Gulf of Mexico,Federal,All,
1991,Gulf of Mexico,Federal,All,
1992,Gulf of Mexico,Federal,All,
1993,Gulf of Mexico,Federal,All,
1994,Gulf of Mexico,Federal,All,
1995,Gulf of Mexico,Federal,All,
1996,Gulf of Mexico,Federal,All,
1997,Gulf of Mexico,Federal,All,5242169
1998,Gulf of Mexico,Federal,All,5110327
1999,Gulf of Mexico,Federal,All,5052936
2000,Gulf of Mexico,Federal,All,4967694
2001,Gulf of Mexico,Federal,All,5066015
2002,Gulf of Mexico,Federal,All,4547627
2003,Gulf of Mexico,Federal,All,4447348
2004,Gulf of Mexico,Federal,All,4000685
2005,Gulf of Mexico,Federal,All,3150818
2006,Gulf of Mexico,Federal,All,2914131
2007,Gulf of Mexico,Federal,All,2813197
2008,Gulf of Mexico,Federal,All,2329955
2009,Gulf of Mexico,Federal,All,2444102
2010,Gulf of Mexico,Federal,All,2259144
2011,Gulf of Mexico,Federal,All,1830913
2012,Gulf of Mexico,Federal,All,1527875
2013,Gulf of Mexico,Federal,All,1326697
2014,Gulf of Mexico,Federal,All,1275738
2015,Gulf of Mexico,Federal,All,1307641
2016,Gulf of Mexico,Federal,All,1220656
2017,Gulf of Mexico,Federal,All,1078218
2018,Gulf of Mexico,Federal,All,992704
2019,Gulf of Mexico,Federal,All,1034038
2020,Gulf of Mexico,Federal,All,805010
2021,Gulf of Mexico,Federal,All,785261
,,,,
1977,Gulf of Mexico,Federal,Gas Wells,
1978,Gulf of Mexico,Federal,Gas Wells,
1979,Gulf of Mexico,Federal,Gas Wells,
1980,Gulf of Mexico,Federal,Gas Wells,
1981,Gulf of Mexico,Federal,Gas Wells,
1982,Gulf of Mexico,Federal,Gas Wells,
1983,Gulf of Mexico,Federal,Gas Wells,
1984,Gulf of Mexico,Federal,Gas Wells,
1985,Gulf of Mexico,Federal,Gas Wells,
1986,Gulf of Mexico,Federal,Gas Wells,
1987,Gulf of Mexico,Federal,Gas Wells,
1988,Gulf of Mexico,Federal,Gas Wells,
1989,Gulf of Mexico,Federal,Gas Wells,
1990,Gulf of Mexico,Federal,Gas Wells,
1991,Gulf of Mexico,Federal,Gas Wells,
1992,Gulf of Mexico,Federal,Gas Wells,
1993,Gulf of Mexico,Federal,Gas Wells,
1994,Gulf of Mexico,Federal,Gas Wells,
1995,Gulf of Mexico,Federal,Gas Wells,
1996,Gulf of Mexico,Federal,Gas Wells,
1997,Gulf of Mexico,Federal,Gas Wells,4582092
1998,Gulf of Mexico,Federal,Gas Wells,4377057
1999,Gulf of Mexico,Federal,Gas Wells,4222677
2000,Gulf of Mexico,Federal,Gas Wells,4085358
2001,Gulf of Mexico,Federal,Gas Wells,4143080
2002,Gulf of Mexico,Federal,Gas Wells,3719169
2003,Gulf of Mexico,Federal,Gas Wells,3563883
2004,Gulf of Mexico,Federal,Gas Wells,3213638
2005,Gulf of Mexico,Federal,Gas Wells,2473392
2006,Gulf of Mexico,Federal,Gas Wells,2270575
2007,Gulf of Mexico,Federal,Gas Wells,2202242
2008,Gulf of Mexico,Federal,Gas Wells,1848290
2009,Gulf of Mexico,Federal,Gas Wells,1877722
2010,Gulf of Mexico,Federal,Gas Wells,1699908
2011,Gulf of Mexico,Federal,Gas Wells,1353929
2012,Gulf of Mexico,Federal,Gas Wells,1013914
2013,Gulf of Mexico,Federal,Gas Wells,817340
2014,Gulf of Mexico,Federal,Gas Wells,706715
2015,Gulf of Mexico,Federal,Gas Wells,667785
2016,Gulf of Mexico,Federal,Gas Wells,573028
2017,Gulf of Mexico,Federal,Gas Wells,454672
2018,Gulf of Mexico,Federal,Gas Wells,372429
2019,Gulf of Mexico,Federal,Gas Wells,336890
2020,Gulf of Mexico,Federal,Gas Wells,235876
2021,Gulf of Mexico,Federal,Gas Wells,
,,,,
1977,Gulf of Mexico,Federal,Oil Wells,
1978,Gulf of Mexico,Federal,Oil Wells,
1979,Gulf of Mexico,Federal,Oil Wells,
1980,Gulf of Mexico,Federal,Oil Wells,
1981,Gulf of Mexico,Federal,Oil Wells,
1982,Gulf of Mexico,Federal,Oil Wells,
1983,Gulf of Mexico,Federal,Oil Wells,
1984,Gulf of Mexico,Federal,Oil Wells,
1985,Gulf of Mexico,Federal,Oil Wells,
1986,Gulf of Mexico,Federal,Oil Wells,
1987,Gulf of Mexico,Federal,Oil Wells,
1988,Gulf of Mexico,Federal,Oil Wells,
1989,Gulf of Mexico,Federal,Oil Wells,
1990,Gulf of Mexico,Federal,Oil Wells,
1991,Gulf of Mexico,Federal,Oil Wells,
1992,Gulf of Mexico,Federal,Oil Wells,
1993,Gulf of Mexico,Federal,Oil Wells,
1994,Gulf of Mexico,Federal,Oil Wells,
1995,Gulf of Mexico,Federal,Oil Wells,
1996,Gulf of Mexico,Federal,Oil Wells,
1997,Gulf of Mexico,Federal,Oil Wells,660077
1998,Gulf of Mexico,Federal,Oil Wells,733270
1999,Gulf of Mexico,Federal,Oil Wells,830259
2000,Gulf of Mexico,Federal,Oil Wells,882336
2001,Gulf of Mexico,Federal,Oil Wells,922935
2002,Gulf of Mexico,Federal,Oil Wells,828458
2003,Gulf of Mexico,Federal,Oil Wells,883465
2004,Gulf of Mexico,Federal,Oil Wells,787047
2005,Gulf of Mexico,Federal,Oil Wells,677426
2006,Gulf of Mexico,Federal,Oil Wells,643556
2007,Gulf of Mexico,Federal,Oil Wells,610955
2008,Gulf of Mexico,Federal,Oil Wells,481665
2009,Gulf of Mexico,Federal,Oil Wells,566380
2010,Gulf of Mexico,Federal,Oil Wells,559235
2011,Gulf of Mexico,Federal,Oil Wells,476984
2012,Gulf of Mexico,Federal,Oil Wells,513961
2013,Gulf of Mexico,Federal,Oil Wells,509357
2014,Gulf of Mexico,Federal,Oil Wells,569023
2015,Gulf of Mexico,Federal,Oil Wells,639856
2016,Gulf of Mexico,Federal,Oil Wells,647628
2017,Gulf of Mexico,Federal,Oil Wells,623547
2018,Gulf of Mexico,Federal,Oil Wells,620276
2019,Gulf of Mexico,Federal,Oil Wells,697149
2020,Gulf of Mexico,Federal,Oil Wells,569134
2021,Gulf of Mexico,Federal,Oil Wells,
,,,,
1977,Louisiana,All,All,3838521
1978,Louisiana,All,All,4600197
1979,Louisiana,All,All,4750119
1980,Louisiana,All,All,4617585
1981,Louisiana,All,All,4584491
1982,Louisiana,All,All,4246464
1983,Louisiana,All,All,3635942
1984,Louisiana,All,All,4070279
1985,Louisiana,All,All,3542827
1986,Louisiana,All,All,3279165
1987,Louisiana,All,All,3610041
1988,Louisiana,All,All,3633594
1989,Louisiana,All,All,3577685
1990,Louisiana,All,All,3731764
1991,Louisiana,All,All,3550230
1992,Louisiana,All,All,3442437
1993,Louisiana,All,All,3508112
1994,Louisiana,All,All,3673494
1995,Louisiana,All,All,3554147
1996,Louisiana,All,All,3881697
1997,Louisiana,All,All,3941802
1998,Louisiana,All,All,3951997
1999,Louisiana,All,All,3896569
2000,Louisiana,All,All,3812991
2001,Louisiana,All,All,153871
2002,Louisiana,All,All,137192
2003,Louisiana,All,All,133456
2004,Louisiana,All,All,129245
2005,Louisiana,All,All,107584
2006,Louisiana,All,All,97479
2007,Louisiana,All,All,72868
2008,Louisiana,All,All,86198
2009,Louisiana,All,All,76386
2010,Louisiana,All,All,69836
2011,Louisiana,All,All,71226
2012,Louisiana,All,All,73244
2013,Louisiana,All,All,77750
2014,Louisiana,All,All,61322
2015,Louisiana,All,All,53676
2016,Louisiana,All,All,45186
2017,Louisiana,All,All,35056
2018,Louisiana,All,All,26058
2019,Louisiana,All,All,28255
2020,Louisiana,All,All,22727
2021,Louisiana,All,All,
,Louisiana,,,
1977,Louisiana,State,Natural Gas,
1978,Louisiana,State,Natural Gas,498876
1979,Louisiana,State,Natural Gas,487512
1980,Louisiana,State,Natural Gas,417312
1981,Louisiana,State,Natural Gas,381938
1982,Louisiana,State,Natural Gas,366546
1983,Louisiana,State,Natural Gas,322588
1984,Louisiana,State,Natural Gas,319638
1985,Louisiana,State,Natural Gas,256736
1986,Louisiana,State,Natural Gas,207265
1987,Louisiana,State,Natural Gas,225599
1988,Louisiana,State,Natural Gas,214645
1989,Louisiana,State,Natural Gas,204005
1990,Louisiana,State,Natural Gas,182240
1991,Louisiana,State,Natural Gas,148429
1992,Louisiana,State,Natural Gas,138101
1993,Louisiana,State,Natural Gas,157011
1994,Louisiana,State,Natural Gas,159513
1995,Louisiana,State,Natural Gas,94044
1996,Louisiana,State,Natural Gas,192527
1997,Louisiana,State,Natural Gas,180848
1998,Louisiana,State,Natural Gas,192956
1999,Louisiana,State,Natural Gas,164523
2000,Louisiana,State,Natural Gas,141567
2001,Louisiana,State,Natural Gas,153871
2002,Louisiana,State,Natural Gas,137192
2003,Louisiana,State,Natural Gas,133456
2004,Louisiana,State,Natural Gas,129245
2005,Louisiana,State,Natural Gas,107584
2006,Louisiana,State,Natural Gas,97479
2007,Louisiana,State,Natural Gas,72868
2008,Louisiana,State,Natural Gas,86198
2009,Louisiana,State,Natural Gas,76386
2010,Louisiana,State,Natural Gas,69836
2011,Louisiana,State,Natural Gas,71226
2012,Louisiana,State,Natural Gas,73244
2013,Louisiana,State,Natural Gas,77750
2014,Louisiana,State,Natural Gas,61322
2015,Louisiana,State,Natural Gas,53676
2016,Louisiana,State,Natural Gas,45186
2017,Louisiana,State,Natural Gas,35056
2018,Louisiana,State,Natural Gas,26058
2019,Louisiana,State,Natural Gas,28255
2020,Louisiana,State,Natural Gas,22727
2021,Louisiana,State,Natural Gas,
,,,,
1977,Louisiana,State,Gas Wells,
1978,Louisiana,State,Gas Wells,468612
1979,Louisiana,State,Gas Wells,461073
1980,Louisiana,State,Gas Wells,394347
1981,Louisiana,State,Gas Wells,359785
1982,Louisiana,State,Gas Wells,342892
1983,Louisiana,State,Gas Wells,296078
1984,Louisiana,State,Gas Wells,289539
1985,Louisiana,State,Gas Wells,226832
1986,Louisiana,State,Gas Wells,173812
1987,Louisiana,State,Gas Wells,196901
1988,Louisiana,State,Gas Wells,190695
1989,Louisiana,State,Gas Wells,181332
1990,Louisiana,State,Gas Wells,161292
1991,Louisiana,State,Gas Wells,128891
1992,Louisiana,State,Gas Wells,116470
1993,Louisiana,State,Gas Wells,133261
1994,Louisiana,State,Gas Wells,137823
1995,Louisiana,State,Gas Wells,79515
1996,Louisiana,State,Gas Wells,173114
1997,Louisiana,State,Gas Wells,164847
1998,Louisiana,State,Gas Wells,170213
1999,Louisiana,State,Gas Wells,147014
2000,Louisiana,State,Gas Wells,124478
2001,Louisiana,State,Gas Wells,140358
2002,Louisiana,State,Gas Wells,125481
2003,Louisiana,State,Gas Wells,123939
2004,Louisiana,State,Gas Wells,117946
2005,Louisiana,State,Gas Wells,99290
2006,Louisiana,State,Gas Wells,88657
2007,Louisiana,State,Gas Wells,63357
2008,Louisiana,State,Gas Wells,82061
2009,Louisiana,State,Gas Wells,72278
2010,Louisiana,State,Gas Wells,63222
2011,Louisiana,State,Gas Wells,64448
2012,Louisiana,State,Gas Wells,67801
2013,Louisiana,State,Gas Wells,70015
2014,Louisiana,State,Gas Wells,54080
2015,Louisiana,State,Gas Wells,48378
2016,Louisiana,State,Gas Wells,40401
2017,Louisiana,State,Gas Wells,31099
2018,Louisiana,State,Gas Wells,22161
2019,Louisiana,State,Gas Wells,24086
2020,Louisiana,State,Gas Wells,19400
2021,Louisiana,State,Gas Wells,
,,,,
1977,Louisiana,State,Oil Wells,
1978,Louisiana,State,Oil Wells,30264
1979,Louisiana,State,Oil Wells,26439
1980,Louisiana,State,Oil Wells,22965
1981,Louisiana,State,Oil Wells,22153
1982,Louisiana,State,Oil Wells,23654
1983,Louisiana,State,Oil Wells,26510
1984,Louisiana,State,Oil Wells,30099
1985,Louisiana,State,Oil Wells,29904
1986,Louisiana,State,Oil Wells,33453
1987,Louisiana,State,Oil Wells,28698
1988,Louisiana,State,Oil Wells,23950
1989,Louisiana,State,Oil Wells,22673
1990,Louisiana,State,Oil Wells,20948
1991,Louisiana,State,Oil Wells,19538
1992,Louisiana,State,Oil Wells,21631
1993,Louisiana,State,Oil Wells,23750
1994,Louisiana,State,Oil Wells,21690
1995,Louisiana,State,Oil Wells,14528
1996,Louisiana,State,Oil Wells,19414
1997,Louisiana,State,Oil Wells,16002
1998,Louisiana,State,Oil Wells,22744
1999,Louisiana,State,Oil Wells,17510
2000,Louisiana,State,Oil Wells,17089
2001,Louisiana,State,Oil Wells,13513
2002,Louisiana,State,Oil Wells,11711
2003,Louisiana,State,Oil Wells,9517
2004,Louisiana,State,Oil Wells,11299
2005,Louisiana,State,Oil Wells,8294
2006,Louisiana,State,Oil Wells,8822
2007,Louisiana,State,Oil Wells,9512
2008,Louisiana,State,Oil Wells,4137
2009,Louisiana,State,Oil Wells,4108
2010,Louisiana,State,Oil Wells,6614
2011,Louisiana,State,Oil Wells,6778
2012,Louisiana,State,Oil Wells,5443
2013,Louisiana,State,Oil Wells,7735
2014,Louisiana,State,Oil Wells,7243
2015,Louisiana,State,Oil Wells,5299
2016,Louisiana,State,Oil Wells,4785
2017,Louisiana,State,Oil Wells,3958
2018,Louisiana,State,Oil Wells,3898
2019,Louisiana,State,Oil Wells,4169
2020,Louisiana,State,Oil Wells,3328
2021,Louisiana,State,Oil Wells,
,,,,
1977,Louisiana,Federal,Gas Wells,3428342
1978,Louisiana,Federal,Gas Wells,3725728
1979,Louisiana,Federal,Gas Wells,3902074
1980,Louisiana,Federal,Gas Wells,3839367
1981,Louisiana,Federal,Gas Wells,3854440
1982,Louisiana,Federal,Gas Wells,3522247
1983,Louisiana,Federal,Gas Wells,2904722
1984,Louisiana,Federal,Gas Wells,3288820
1985,Louisiana,Federal,Gas Wells,2784091
1986,Louisiana,Federal,Gas Wells,2542447
1987,Louisiana,Federal,Gas Wells,2913949
1988,Louisiana,Federal,Gas Wells,2992004
1989,Louisiana,Federal,Gas Wells,2970536
1990,Louisiana,Federal,Gas Wells,3140870
1991,Louisiana,Federal,Gas Wells,2946749
1992,Louisiana,Federal,Gas Wells,2867842
1993,Louisiana,Federal,Gas Wells,2883761
1994,Louisiana,Federal,Gas Wells,2995676
1995,Louisiana,Federal,Gas Wells,2937666
1996,Louisiana,Federal,Gas Wells,3166015
1997,Louisiana,Federal,Gas Wells,3194743
1998,Louisiana,Federal,Gas Wells,3115154
1999,Louisiana,Federal,Gas Wells,3009296
2000,Louisiana,Federal,Gas Wells,2919128
2001,Louisiana,Federal,Gas Wells,
2002,Louisiana,Federal,Gas Wells,
2003,Louisiana,Federal,Gas Wells,
2004,Louisiana,Federal,Gas Wells,
2005,Louisiana,Federal,Gas Wells,
2006,Louisiana,Federal,Gas Wells,
2007,Louisiana,Federal,Gas Wells,
2008,Louisiana,Federal,Gas Wells,
2009,Louisiana,Federal,Gas Wells,
2010,Louisiana,Federal,Gas Wells,
2011,Louisiana,Federal,Gas Wells,
2012,Louisiana,Federal,Gas Wells,0
2013,Louisiana,Federal,Gas Wells,0
2014,Louisiana,Federal,Gas Wells,0
2015,Louisiana,Federal,Gas Wells,0
2016,Louisiana,Federal,Gas Wells,0
2017,Louisiana,Federal,Gas Wells,0
2018,Louisiana,Federal,Gas Wells,0
2019,Louisiana,Federal,Gas Wells,0
2020,Louisiana,Federal,Gas Wells,0
2021,Louisiana,Federal,Gas Wells,
,,,,
1977,Louisiana,Federal,Oil Wells,410179
1978,Louisiana,Federal,Oil Wells,375593
1979,Louisiana,Federal,Oil Wells,360533
1980,Louisiana,Federal,Oil Wells,360906
1981,Louisiana,Federal,Oil Wells,348113
1982,Louisiana,Federal,Oil Wells,357671
1983,Louisiana,Federal,Oil Wells,408632
1984,Louisiana,Federal,Oil Wells,461821
1985,Louisiana,Federal,Oil Wells,502000
1986,Louisiana,Federal,Oil Wells,529453
1987,Louisiana,Federal,Oil Wells,470493
1988,Louisiana,Federal,Oil Wells,426945
1989,Louisiana,Federal,Oil Wells,403144
1990,Louisiana,Federal,Oil Wells,408654
1991,Louisiana,Federal,Oil Wells,455052
1992,Louisiana,Federal,Oil Wells,436493
1993,Louisiana,Federal,Oil Wells,467340
1994,Louisiana,Federal,Oil Wells,518305
1995,Louisiana,Federal,Oil Wells,522437
1996,Louisiana,Federal,Oil Wells,523155
1997,Louisiana,Federal,Oil Wells,566210
1998,Louisiana,Federal,Oil Wells,643886
1999,Louisiana,Federal,Oil Wells,722750
2000,Louisiana,Federal,Oil Wells,752296
2001,Louisiana,Federal,Oil Wells,
2002,Louisiana,Federal,Oil Wells,
2003,Louisiana,Federal,Oil Wells,
2004,Louisiana,Federal,Oil Wells,
2005,Louisiana,Federal,Oil Wells,
2006,Louisiana,Federal,Oil Wells,
2007,Louisiana,Federal,Oil Wells,
2008,Louisiana,Federal,Oil Wells,
2009,Louisiana,Federal,Oil Wells,
2010,Louisiana,Federal,Oil Wells,
2011,Louisiana,Federal,Oil Wells,
2012,Louisiana,Federal,Oil Wells,0
2013,Louisiana,Federal,Oil Wells,0
2014,Louisiana,Federal,Oil Wells,0
2015,Louisiana,Federal,Oil Wells,0
2016,Louisiana,Federal,Oil Wells,0
2017,Louisiana,Federal,Oil Wells,0
2018,Louisiana,Federal,Oil Wells,0
2019,Louisiana,Federal,Oil Wells,0
2020,Louisiana,Federal,Oil Wells,0
2021,Louisiana,Federal,Oil Wells,
,,,,
1977,Texas,All,All,88258
1978,Texas,All,All,418474
1979,Texas,All,All,760566
1980,Texas,All,All,949177
1981,Texas,All,All,1010772
1982,Texas,All,All,1120830
1983,Texas,All,All,992041
1984,Texas,All,All,1021260
1985,Texas,All,All,942413
1986,Texas,All,All,1169038
1987,Texas,All,All,1330604
1988,Texas,All,All,1376093
1989,Texas,All,All,1457841
1990,Texas,All,All,1555568
1991,Texas,All,All,1494494
1992,Texas,All,All,1411147
1993,Texas,All,All,1355333
1994,Texas,All,All,1392727
1995,Texas,All,All,1346674
1996,Texas,All,All,1401753
1997,Texas,All,All,1351067
1998,Texas,All,All,1241264
1999,Texas,All,All,1206045
2000,Texas,All,All,1177257
2001,Texas,All,All,53649
2002,Texas,All,All,57063
2003,Texas,All,All,53569
2004,Texas,All,All,44946
2005,Texas,All,All,36932
2006,Texas,All,All,24785
2007,Texas,All,All,29229
2008,Texas,All,All,46786
2009,Texas,All,All,37811
2010,Texas,All,All,28574
2011,Texas,All,All,23791
2012,Texas,All,All,16506
2013,Texas,All,All,14036
2014,Texas,All,All,11200
2015,Texas,All,All,9302
2016,Texas,All,All,7542
2017,Texas,All,All,4978
2018,Texas,All,All,3925
2019,Texas,All,All,3295
2020,Texas,All,All,2484
2021,Texas,All,All,
,,,,
1977,Texas,State,Gas Wells,
1978,Texas,State,Gas Wells,169219
1979,Texas,State,Gas Wells,206490
1980,Texas,State,Gas Wells,252996
1981,Texas,State,Gas Wells,235421
1982,Texas,State,Gas Wells,245626
1983,Texas,State,Gas Wells,147330
1984,Texas,State,Gas Wells,111482
1985,Texas,State,Gas Wells,107543
1986,Texas,State,Gas Wells,114501
1987,Texas,State,Gas Wells,98050
1988,Texas,State,Gas Wells,97545
1989,Texas,State,Gas Wells,110901
1990,Texas,State,Gas Wells,108404
1991,Texas,State,Gas Wells,98493
1992,Texas,State,Gas Wells,78263
1993,Texas,State,Gas Wells,79234
1994,Texas,State,Gas Wells,84573
1995,Texas,State,Gas Wells,63181
1996,Texas,State,Gas Wells,63340
1997,Texas,State,Gas Wells,64528
1998,Texas,State,Gas Wells,60298
1999,Texas,State,Gas Wells,48918
2000,Texas,State,Gas Wells,41195
2001,Texas,State,Gas Wells,53649
2002,Texas,State,Gas Wells,57063
2003,Texas,State,Gas Wells,53569
2004,Texas,State,Gas Wells,44946
2005,Texas,State,Gas Wells,36932
2006,Texas,State,Gas Wells,24785
2007,Texas,State,Gas Wells,29229
2008,Texas,State,Gas Wells,46786
2009,Texas,State,Gas Wells,37811
2010,Texas,State,Gas Wells,28574
2011,Texas,State,Gas Wells,23791
2012,Texas,State,Gas Wells,16506
2013,Texas,State,Gas Wells,14036
2014,Texas,State,Gas Wells,11200
2015,Texas,State,Gas Wells,9302
2016,Texas,State,Gas Wells,7542
2017,Texas,State,Gas Wells,4978
2018,Texas,State,Gas Wells,3925
2019,Texas,State,Gas Wells,3295
2020,Texas,State,Gas Wells,2484
2021,Texas,State,Gas Wells,
,,,,
1977,Texas,State,Gas Wells,
1978,Texas,State,Gas Wells,166983
1979,Texas,State,Gas Wells,204717
1980,Texas,State,Gas Wells,251122
1981,Texas,State,Gas Wells,232143
1982,Texas,State,Gas Wells,242856
1983,Texas,State,Gas Wells,143948
1984,Texas,State,Gas Wells,108091
1985,Texas,State,Gas Wells,104052
1986,Texas,State,Gas Wells,112154
1987,Texas,State,Gas Wells,95053
1988,Texas,State,Gas Wells,95944
1989,Texas,State,Gas Wells,108398
1990,Texas,State,Gas Wells,107409
1991,Texas,State,Gas Wells,96885
1992,Texas,State,Gas Wells,76638
1993,Texas,State,Gas Wells,77883
1994,Texas,State,Gas Wells,83577
1995,Texas,State,Gas Wells,62381
1996,Texas,State,Gas Wells,62624
1997,Texas,State,Gas Wells,63903
1998,Texas,State,Gas Wells,59732
1999,Texas,State,Gas Wells,48537
2000,Texas,State,Gas Wells,40883
2001,Texas,State,Gas Wells,53285
2002,Texas,State,Gas Wells,54672
2003,Texas,State,Gas Wells,52206
2004,Texas,State,Gas Wells,44630
2005,Texas,State,Gas Wells,36532
2006,Texas,State,Gas Wells,24529
2007,Texas,State,Gas Wells,29121
2008,Texas,State,Gas Wells,46657
2009,Texas,State,Gas Wells,36820
2010,Texas,State,Gas Wells,27421
2011,Texas,State,Gas Wells,23791
2012,Texas,State,Gas Wells,15953
2013,Texas,State,Gas Wells,13650
2014,Texas,State,Gas Wells,10902
2015,Texas,State,Gas Wells,9036
2016,Texas,State,Gas Wells,7317
2017,Texas,State,Gas Wells,4793
2018,Texas,State,Gas Wells,3642
2019,Texas,State,Gas Wells,3074
2020,Texas,State,Gas Wells,2319
2021,Texas,State,Gas Wells,
,,,,
1977,Texas,State,Oil Wells,
1978,Texas,State,Oil Wells,2236
1979,Texas,State,Oil Wells,1773
1980,Texas,State,Oil Wells,1874
1981,Texas,State,Oil Wells,3278
1982,Texas,State,Oil Wells,2770
1983,Texas,State,Oil Wells,3382
1984,Texas,State,Oil Wells,3391
1985,Texas,State,Oil Wells,3491
1986,Texas,State,Oil Wells,2347
1987,Texas,State,Oil Wells,2997
1988,Texas,State,Oil Wells,1601
1989,Texas,State,Oil Wells,2503
1990,Texas,State,Oil Wells,995
1991,Texas,State,Oil Wells,1608
1992,Texas,State,Oil Wells,1625
1993,Texas,State,Oil Wells,1350
1994,Texas,State,Oil Wells,996
1995,Texas,State,Oil Wells,801
1996,Texas,State,Oil Wells,716
1997,Texas,State,Oil Wells,625
1998,Texas,State,Oil Wells,565
1999,Texas,State,Oil Wells,380
2000,Texas,State,Oil Wells,312
2001,Texas,State,Oil Wells,364
2002,Texas,State,Oil Wells,2391
2003,Texas,State,Oil Wells,1363
2004,Texas,State,Oil Wells,316
2005,Texas,State,Oil Wells,400
2006,Texas,State,Oil Wells,255
2007,Texas,State,Oil Wells,108
2008,Texas,State,Oil Wells,130
2009,Texas,State,Oil Wells,991
2010,Texas,State,Oil Wells,1153
2011,Texas,State,Oil Wells,0
2012,Texas,State,Oil Wells,552
2013,Texas,State,Oil Wells,386
2014,Texas,State,Oil Wells,298
2015,Texas,State,Oil Wells,265
2016,Texas,State,Oil Wells,224
2017,Texas,State,Oil Wells,185
2018,Texas,State,Oil Wells,284
2019,Texas,State,Oil Wells,222
2020,Texas,State,Oil Wells,165
2021,Texas,State,Oil Wells,
,,,,
1977,Texas,Federal,All,88258
1978,Texas,Federal,All,249255
1979,Texas,Federal,All,554076
1980,Texas,Federal,All,696181
1981,Texas,Federal,All,775351
1982,Texas,Federal,All,875204
1983,Texas,Federal,All,844711
1984,Texas,Federal,All,909778
1985,Texas,Federal,All,834870
1986,Texas,Federal,All,1054537
1987,Texas,Federal,All,1232554
1988,Texas,Federal,All,1278548
1989,Texas,Federal,All,1346940
1990,Texas,Federal,All,1447164
1991,Texas,Federal,All,1396001
1992,Texas,Federal,All,1332883
1993,Texas,Federal,All,1276099
1994,Texas,Federal,All,1308154
1995,Texas,Federal,All,1283493
1996,Texas,Federal,All,1338413
1997,Texas,Federal,All,1286539
1998,Texas,Federal,All,1180967
1999,Texas,Federal,All,1157128
2000,Texas,Federal,All,1136062
2001,Texas,Federal,All,
2002,Texas,Federal,All,
2003,Texas,Federal,All,
2004,Texas,Federal,All,
2005,Texas,Federal,All,
2006,Texas,Federal,All,
2007,Texas,Federal,All,
2008,Texas,Federal,All,
2009,Texas,Federal,All,
2010,Texas,Federal,All,
2011,Texas,Federal,All,
2012,Texas,Federal,All,0
2013,Texas,Federal,All,0
2014,Texas,Federal,All,0
2015,Texas,Federal,All,0
2016,Texas,Federal,All,0
2017,Texas,Federal,All,0
2018,Texas,Federal,All,0
2019,Texas,Federal,All,0
2020,Texas,Federal,All,0
2021,Texas,Federal,All,
,Texas,,,
1977,Texas,Federal,Gas Wells,86801
1978,Texas,Federal,Gas Wells,246367
1979,Texas,Federal,Gas Wells,550072
1980,Texas,Federal,Gas Wells,677414
1981,Texas,Federal,Gas Wells,758982
1982,Texas,Federal,Gas Wells,850497
1983,Texas,Federal,Gas Wells,811729
1984,Texas,Federal,Gas Wells,875842
1985,Texas,Federal,Gas Wells,799468
1986,Texas,Federal,Gas Wells,1015811
1987,Texas,Federal,Gas Wells,1197326
1988,Texas,Federal,Gas Wells,1239657
1989,Texas,Federal,Gas Wells,1303479
1990,Texas,Federal,Gas Wells,1405634
1991,Texas,Federal,Gas Wells,1351194
1992,Texas,Federal,Gas Wells,1297602
1993,Texas,Federal,Gas Wells,1234121
1994,Texas,Federal,Gas Wells,1249914
1995,Texas,Federal,Gas Wells,1199326
1996,Texas,Federal,Gas Wells,1235419
1997,Texas,Federal,Gas Wells,1192672
1998,Texas,Federal,Gas Wells,1091583
1999,Texas,Federal,Gas Wells,1049619
2000,Texas,Federal,Gas Wells,1006022
2001,Texas,Federal,Gas Wells,
2002,Texas,Federal,Gas Wells,
2003,Texas,Federal,Gas Wells,
2004,Texas,Federal,Gas Wells,
2005,Texas,Federal,Gas Wells,
2006,Texas,Federal,Gas Wells,
2007,Texas,Federal,Gas Wells,
2008,Texas,Federal,Gas Wells,
2009,Texas,Federal,Gas Wells,
2010,Texas,Federal,Gas Wells,
2011,Texas,Federal,Gas Wells,
2012,Texas,Federal,Gas Wells,0
2013,Texas,Federal,Gas Wells,0
2014,Texas,Federal,Gas Wells,0
2015,Texas,Federal,Gas Wells,0
2016,Texas,Federal,Gas Wells,0
2017,Texas,Federal,Gas Wells,0
2018,Texas,Federal,Gas Wells,0
2019,Texas,Federal,Gas Wells,0
2020,Texas,Federal,Gas Wells,0
2021,Texas,Federal,Gas Wells,
,,,,
1977,Texas,Federal,Oil Wells,1457
1978,Texas,Federal,Oil Wells,2888
1979,Texas,Federal,Oil Wells,4004
1980,Texas,Federal,Oil Wells,18767
1981,Texas,Federal,Oil Wells,16369
1982,Texas,Federal,Oil Wells,24707
1983,Texas,Federal,Oil Wells,32982
1984,Texas,Federal,Oil Wells,33936
1985,Texas,Federal,Oil Wells,35402
1986,Texas,Federal,Oil Wells,38726
1987,Texas,Federal,Oil Wells,35228
1988,Texas,Federal,Oil Wells,38891
1989,Texas,Federal,Oil Wells,43461
1990,Texas,Federal,Oil Wells,41530
1991,Texas,Federal,Oil Wells,44807
1992,Texas,Federal,Oil Wells,35281
1993,Texas,Federal,Oil Wells,41978
1994,Texas,Federal,Oil Wells,58240
1995,Texas,Federal,Oil Wells,84167
1996,Texas,Federal,Oil Wells,102993
1997,Texas,Federal,Oil Wells,93867
1998,Texas,Federal,Oil Wells,89384
1999,Texas,Federal,Oil Wells,107509
2000,Texas,Federal,Oil Wells,130040
2001,Texas,Federal,Oil Wells,
2002,Texas,Federal,Oil Wells,
2003,Texas,Federal,Oil Wells,
2004,Texas,Federal,Oil Wells,
2005,Texas,Federal,Oil Wells,
2006,Texas,Federal,Oil Wells,
2007,Texas,Federal,Oil Wells,
2008,Texas,Federal,Oil Wells,
2009,Texas,Federal,Oil Wells,
2010,Texas,Federal,Oil Wells,
2011,Texas,Federal,Oil Wells,
2012,Texas,Federal,Oil Wells,0
2013,Texas,Federal,Oil Wells,0
2014,Texas,Federal,Oil Wells,0
2015,Texas,Federal,Oil Wells,0
2016,Texas,Federal,Oil Wells,0
2017,Texas,Federal,Oil Wells,0
2018,Texas,Federal,Oil Wells,0
2019,Texas,Federal,Oil Wells,0
2020,Texas,Federal,Oil Wells,0
2021,Texas,Federal,Oil Wells,
