year,activity,industry,chainQtyIdx,chainQtyPctChange,chainPriIdx,chainPriPctChange,realGrossOutput,grossOutput
2014,Total Marine Economy,,100,,100,,626263,626263
2014,"Living resources, marine",,100,,100,,23159,23159
2014,"Commercial harvest, seafood markets, and processing",,100,,100,,21704,21704
2014,Commercial harvest and seafood markets,,100,,100,,10538,10538
2014,Seafood processing,,100,,100,,11166,11166
2014,Fish-based animal foods,,100,,100,,175,175
2014,"Pharmaceuticals, marine-based",,100,,100,,1280,1280
2014,"Construction, coastal and marine",,100,,100,,5218,5218
2014,Conservation,,100,,100,,3281,3281
2014,Dredging,,100,,100,,192,192
2014,Recreation facilities,,100,,100,,1745,1745
2014,"Research and education, marine",,100,,100,,8423,8423
2014,Scientific research,,100,,100,,5294,5294
2014,National defense R&D,,100,,100,,145,145
2014,Federal nondefense R&D,,100,,100,,1417,1417
2014,State and local R&D,,100,,100,,1798,1798
2014,Nonacademic R&D,,100,,100,,1934,1934
2014,Educational programs and courses,,100,,100,,2814,2814
2014,Vocational training,,100,,100,,266,266
2014,Laboratories,,100,,100,,49,49
2014,"Transportation and warehousing, marine",,100,,100,,53170,53170
2014,Freight transportation,,100,,100,,32199,32199
2014,Passenger transportation,,100,,100,,18424,18424
2014,Warehousing and storage,,100,,100,,2547,2547
2014,"Professional and technical services, marine",,100,,100,,5948,5948
2014,"Minerals, offshore",,100,,100,,133557,133557
2014,Oil and gas,,100,,100,,130454,130454
2014,Sand and gravel,,100,,100,,2503,2503
2014,Support services,,100,,100,,600,600
2014,"Utilities, coastal",,100,,100,,13670,13670
2014,Traditional power generation,,100,,100,,13670,13670
2014,"Ship and boat building, nonrecreational",,100,,100,,13473,13473
2014,Ship building1,,100,,100,,10795,10795
2014,Barges and other nonpropelled ships,,100,,100,,239,239
2014,Military ships,,100,,100,,9900,9900
2014,Other ships,,100,,100,,656,656
2014,Boat building2,,100,,100,,2678,2678
2014,Fishing boats,,100,,100,,179,179
2014,Tugboats and towboats,,100,,100,,430,430
2014,Outboard motorboats,,100,,100,,202,202
2014,Inboard motorboats,,100,,100,,651,651
2014,Other boats,,100,,100,,1216,1216
2014,"Tourism and recreation, coastal and offshore",,100,,100,,206702,206702
2014,Guided tours,,100,,100,,14348,14348
2014,Water guided tours,,100,,100,,8908,8908
2014,Other scenic tours,,100,,100,,5440,5440
2014,"Recreational fishing, offshore",,100,,100,,4413,4413
2014,"Boating and paddling, offshore",,100,,100,,44819,44819
2014,Sailing,,100,,100,,1731,1731
2014,Motorboating,,100,,100,,26679,26679
2014,Canoeing,,100,,100,,122,122
2014,Kayaking,,100,,100,,88,88
2014,Other boating and paddling3,,100,,100,,16200,16200
2014,Other water activities4,,100,,100,,1187,1187
2014,Other coastal recreation,,100,,100,,27910,27910
2014,Maritime museums and cultural institutions,,100,,100,,1252,1252
2014,Beachgoing,,100,,100,,176,176
2014,Amusement parks,,100,,100,,1745,1745
2014,Hiking and camping,,100,,100,,1013,1013
2014,RVing,,100,,100,,9740,9740
2014,Photography,,100,,100,,350,350
2014,Other general expenses,,100,,100,,13633,13633
2014,"Trips and travel, coastal",,100,,100,,114026,114026
2014,Eating and drinking places,,100,,100,,17117,17117
2014,Hotel and lodging places,,100,,100,,66781,66781
2014,Travel arrangement services,,100,,100,,2675,2675
2014,Transportation services,,100,,100,,27453,27453
2014,National defense and public administration,,100,,100,,162942,162942
2014,National defense and coast guard,,100,,100,,153497,153497
2014,Federal public administration,,100,,100,,8440,8440
2014,State and local public administration,,100,,100,,1005,1005
2015,Total Marine Economy,,100.397,0.4,93.681,-6.3,628753,628753
2015,"Living resources, marine",,106.094,6.1,97.439,-2.6,24570,24570
2015,"Commercial harvest, seafood markets, and processing",,106.469,6.5,97.176,-2.8,23108,23108
2015,Commercial harvest and seafood markets,,103.123,3.1,94.414,-5.6,10867,10867
2015,Seafood processing,,109.543,9.5,99.706,-0.3,12231,12231
2015,Fish-based animal foods,,108.738,8.7,85.903,-14.1,190,190
2015,"Pharmaceuticals, marine-based",,99.611,-0.4,103.67,3.7,1275,1275
2015,"Construction, coastal and marine",,106.37,6.4,101.112,1.1,5551,5551
2015,Conservation,,110.489,10.5,101.148,1.1,3625,3625
2015,Dredging,,99.273,-0.7,101.129,1.1,191,191
2015,Recreation facilities,,99.402,-0.6,101.038,1,1735,1735
2015,"Research and education, marine",,104.248,4.2,100.824,0.8,8781,8781
2015,Scientific research,,102.936,2.9,99.875,-0.1,5450,5450
2015,National defense R&D,,100.594,0.6,99.231,-0.8,146,146
2015,Federal nondefense R&D,,107.603,7.6,100.04,0,1525,1525
2015,State and local R&D,,106.626,6.6,97.544,-2.5,1917,1917
2015,Nonacademic R&D,,96.369,-3.6,102.074,2.1,1863,1863
2015,Educational programs and courses,,106.126,6.1,102.495,2.5,2986,2986
2015,Vocational training,,108.641,8.6,101.449,1.4,289,289
2015,Laboratories,,112.663,12.7,102.348,2.3,55,55
2015,"Transportation and warehousing, marine",,101.397,1.4,100.799,0.8,53912,53912
2015,Freight transportation,,102.03,2,100.717,0.7,32852,32852
2015,Passenger transportation,,100.481,0.5,100.839,0.8,18513,18513
2015,Warehousing and storage,,100.03,0,101.538,1.5,2548,2548
2015,"Professional and technical services, marine",,105.558,5.6,101.672,1.7,6279,6279
2015,"Minerals, offshore",,92.32,-7.7,77.451,-22.5,123300,123300
2015,Oil and gas,,92.107,-7.9,77.03,-23,120158,120158
2015,Sand and gravel,,101.198,1.2,92.617,-7.4,2533,2533
2015,Support services,,96.233,-3.8,102.605,2.6,578,578
2015,"Utilities, coastal",,116.976,17,88.274,-11.7,15991,15991
2015,Traditional power generation,,116.976,17,88.274,-11.7,15991,15991
2015,"Ship and boat building, nonrecreational",,123.356,23.4,100.57,0.6,16620,16620
2015,Ship building1,,124.795,24.8,100.335,0.3,13471,13471
2015,Barges and other nonpropelled ships,,77.507,-22.5,100.021,0,186,186
2015,Military ships,,127.338,27.3,100.199,0.2,12606,12606
2015,Other ships,,103.91,3.9,102.697,2.7,682,682
2015,Boat building2,,117.598,17.6,101.538,1.5,3150,3150
2015,Fishing boats,,104.099,4.1,102.687,2.7,187,187
2015,Tugboats and towboats,,104.099,4.1,102.687,2.7,448,448
2015,Outboard motorboats,,153.913,53.9,100.78,0.8,311,311
2015,Inboard motorboats,,134.833,34.8,100.303,0.3,877,877
2015,Other boats,,109.207,9.2,101.889,1.9,1328,1328
2015,"Tourism and recreation, coastal and offshore",,102.069,2.1,95.596,-4.4,210980,210980
2015,Guided tours,,93.434,-6.6,102.216,2.2,13406,13406
2015,Water guided tours,,90.018,-10,102.14,2.1,8018,8018
2015,Other scenic tours,,99.023,-1,102.335,2.3,5387,5387
2015,"Recreational fishing, offshore",,112.942,12.9,100.45,0.5,4985,4985
2015,"Boating and paddling, offshore",,100.829,0.8,85.649,-14.4,45190,45190
2015,Sailing,,104.224,4.2,101.981,2,1804,1804
2015,Motorboating,,101.499,1.5,88.35,-11.6,27078,27078
2015,Canoeing,,110.644,10.6,101.712,1.7,135,135
2015,Kayaking,,110.452,10.5,101.048,1,97,97
2015,Other boating and paddling3,,99.095,-0.9,79.15,-20.8,16053,16053
2015,Other water activities4,,112.386,12.4,100.963,1,1334,1334
2015,Other coastal recreation,,101.327,1.3,95.6,-4.4,28280,28280
2015,Maritime museums and cultural institutions,,94.128,-5.9,102.228,2.2,1178,1178
2015,Beachgoing,,97.055,-2.9,100.062,0.1,171,171
2015,Amusement parks,,103.437,3.4,104.323,4.3,1805,1805
2015,Hiking and camping,,95.257,-4.7,102.579,2.6,965,965
2015,RVing,,98.475,-1.5,85.735,-14.3,9591,9591
2015,Photography,,140.166,40.2,97.074,-2.9,491,491
2015,Other general expenses,,103.123,3.1,100.2,0.2,14059,14059
2015,"Trips and travel, coastal",,103.275,3.3,98.413,-1.6,117761,117761
2015,Eating and drinking places,,104.325,4.3,103.075,3.1,17858,17858
2015,Hotel and lodging places,,103.419,3.4,102.824,2.8,69064,69064
2015,Travel arrangement services,,106.553,6.6,100.464,0.5,2850,2850
2015,Transportation services,,101.811,1.8,84.463,-15.5,27950,27950
2015,National defense and public administration,,99.169,-0.8,100.177,0.2,161589,161589
2015,National defense and coast guard,,99.18,-0.8,100.206,0.2,152239,152239
2015,Federal public administration,,98.563,-1.4,99.65,-0.3,8319,8319
2015,State and local public administration,,102.562,2.6,100.142,0.1,1031,1031
2016,Total Marine Economy,,98.292,-2.1,92.941,-0.8,615566,615566
2016,"Living resources, marine",,107.466,1.3,98.665,1.3,24888,24888
2016,"Commercial harvest, seafood markets, and processing",,107.385,0.9,98.5,1.4,23306,23306
2016,Commercial harvest and seafood markets,,108.147,4.9,96.105,1.8,11397,11397
2016,Seafood processing,,106.773,-2.5,100.692,1,11922,11922
2016,Fish-based animal foods,,112.505,3.5,81.088,-5.6,197,197
2016,"Pharmaceuticals, marine-based",,107.988,8.4,104.076,0.4,1383,1383
2016,"Construction, coastal and marine",,121.385,14.1,101.281,0.2,6334,6334
2016,Conservation,,135.846,22.9,100.768,-0.4,4457,4457
2016,Dredging,,102.419,3.2,100.819,-0.3,197,197
2016,Recreation facilities,,96.407,-3,102.569,1.5,1683,1683
2016,"Research and education, marine",,107.747,3.4,101.375,0.5,9076,9076
2016,Scientific research,,110.842,7.7,99.925,0.1,5868,5868
2016,National defense R&D,,96.444,-4.1,100.89,1.7,140,140
2016,Federal nondefense R&D,,115.604,7.4,102.961,2.9,1639,1639
2016,State and local R&D,,111.893,4.9,96.708,-0.9,2012,2012
2016,Nonacademic R&D,,107.449,11.5,100.586,-1.5,2078,2078
2016,Educational programs and courses,,101.541,-4.3,103.88,1.4,2857,2857
2016,Vocational training,,112.206,3.3,103.111,1.6,298,298
2016,Laboratories,,119.098,5.7,104.064,1.7,59,59
2016,"Transportation and warehousing, marine",,99.018,-2.3,102.756,1.9,52648,52648
2016,Freight transportation,,98.331,-3.6,99.691,-1,31661,31661
2016,Passenger transportation,,99.362,-1.1,108.196,7.3,18307,18307
2016,Warehousing and storage,,104.715,4.7,102.293,0.7,2667,2667
2016,"Professional and technical services, marine",,110.479,4.7,102.348,0.7,6572,6572
2016,"Minerals, offshore",,72.771,-21.2,72.734,-6.1,97190,97190
2016,Oil and gas,,72.107,-21.7,72.214,-6.3,94066,94066
2016,Sand and gravel,,97.538,-3.6,90.405,-2.4,2441,2441
2016,Support services,,88.335,-8.2,104.55,1.9,530,530
2016,"Utilities, coastal",,114.777,-1.9,80.698,-8.6,15690,15690
2016,Traditional power generation,,114.777,-1.9,80.698,-8.6,15690,15690
2016,"Ship and boat building, nonrecreational",,160.322,30,100.53,0,21600,21600
2016,Ship building1,,174.708,40,100.054,-0.3,18859,18859
2016,Barges and other nonpropelled ships,,65.29,-15.8,98.798,-1.2,156,156
2016,Military ships,,183.443,44.1,99.902,-0.3,18160,18160
2016,Other ships,,84.751,-18.4,103.069,0.4,556,556
2016,Boat building2,,103.37,-12.1,102.771,1.2,2769,2769
2016,Fishing boats,,84.862,-18.5,103.058,0.4,152,152
2016,Tugboats and towboats,,84.862,-18.5,103.058,0.4,365,365
2016,Outboard motorboats,,143.927,-6.5,101.932,1.1,291,291
2016,Inboard motorboats,,126.559,-6.1,102.526,2.2,823,823
2016,Other boats,,93.657,-14.2,102.859,1,1139,1139
2016,"Tourism and recreation, coastal and offshore",,102.98,0.9,95.358,-0.2,212862,212862
2016,Guided tours,,83.818,-10.3,104.004,1.7,12026,12026
2016,Water guided tours,,75.545,-16.1,103.907,1.7,6729,6729
2016,Other scenic tours,,97.346,-1.7,104.149,1.8,5296,5296
2016,"Recreational fishing, offshore",,152.638,35.1,100.607,0.2,6737,6737
2016,"Boating and paddling, offshore",,99.92,-0.9,81.695,-4.6,44783,44783
2016,Sailing,,110.023,5.6,103.173,1.2,1904,1904
2016,Motorboating,,101.034,-0.5,85.34,-3.4,26954,26954
2016,Canoeing,,113.632,2.7,103.18,1.4,139,139
2016,Kayaking,,109.962,-0.4,102.505,1.4,96,96
2016,Other boating and paddling3,,96.34,-2.8,72.892,-7.9,15607,15607
2016,Other water activities4,,113.553,1,101.936,1,1348,1348
2016,Other coastal recreation,,101.296,0,94.596,-1.1,28271,28271
2016,Maritime museums and cultural institutions,,94.119,0,103.611,1.4,1178,1178
2016,Beachgoing,,92.377,-4.8,101.641,1.6,162,162
2016,Amusement parks,,107.529,4,109.044,4.5,1877,1877
2016,Hiking and camping,,97.234,2.1,100.698,-1.8,985,985
2016,RVing,,96.531,-2,81.872,-4.5,9402,9402
2016,Photography,,125.549,-10.4,91.659,-5.6,440,440
2016,Other general expenses,,103.931,0.8,100.348,0.1,14169,14169
2016,"Trips and travel, coastal",,104.863,1.5,99.516,1.1,119572,119572
2016,Eating and drinking places,,106.612,2.2,105.719,2.6,18249,18249
2016,Hotel and lodging places,,105.334,1.9,105.996,3.1,70343,70343
2016,Travel arrangement services,,115.407,8.3,100.932,0.5,3087,3087
2016,Transportation services,,100.962,-0.8,79.455,-5.9,27717,27717
2016,National defense and public administration,,99.393,0.2,100.689,0.5,161954,161954
2016,National defense and coast guard,,99.336,0.2,100.696,0.5,152478,152478
2016,Federal public administration,,99.515,1,100.763,1.1,8399,8399
2016,State and local public administration,,107.077,4.4,99.08,-1.1,1077,1077
2017,Total Marine Economy,,98.305,0,96.433,3.8,615648,615648
2017,"Living resources, marine",,108.995,1.4,100.476,1.8,25242,25242
2017,"Commercial harvest, seafood markets, and processing",,108.533,1.1,100.347,1.9,23556,23556
2017,Commercial harvest and seafood markets,,111.173,2.8,94.835,-1.3,11715,11715
2017,Seafood processing,,106.282,-0.5,105.561,4.8,11867,11867
2017,Fish-based animal foods,,108.651,-3.4,84.995,4.8,190,190
2017,"Pharmaceuticals, marine-based",,116.239,7.6,105.044,0.9,1488,1488
2017,"Construction, coastal and marine",,105.673,-12.9,104.226,2.9,5515,5515
2017,Conservation,,117.848,-13.2,103.449,2.7,3867,3867
2017,Dredging,,89.121,-13,103.502,2.7,171,171
2017,Recreation facilities,,84.695,-12.1,106.233,3.6,1478,1478
2017,"Research and education, marine",,110.1,2.2,103.59,2.2,9274,9274
2017,Scientific research,,114.634,3.4,102.063,2.1,6069,6069
2017,National defense R&D,,98.038,1.7,101.794,0.9,142,142
2017,Federal nondefense R&D,,116.244,0.6,105.086,2.1,1648,1648
2017,State and local R&D,,117.304,4.8,98.23,1.6,2109,2109
2017,Nonacademic R&D,,112.323,4.5,103.41,2.8,2172,2172
2017,Educational programs and courses,,101.506,0,106.176,2.2,2856,2856
2017,Vocational training,,111.92,-0.3,106.081,2.9,298,298
2017,Laboratories,,123.379,3.6,106.075,1.9,61,61
2017,"Transportation and warehousing, marine",,102.378,3.4,105.687,2.9,54434,54434
2017,Freight transportation,,96.228,-2.1,104.799,5.1,30984,30984
2017,Passenger transportation,,110.873,11.6,107.625,-0.5,20427,20427
2017,Warehousing and storage,,114.809,9.6,105.122,2.8,2924,2924
2017,"Professional and technical services, marine",,109.608,-0.8,103.134,0.8,6520,6520
2017,"Minerals, offshore",,69.991,-3.8,80.874,11.2,93478,93478
2017,Oil and gas,,69.022,-4.3,80.43,11.4,90041,90041
2017,Sand and gravel,,108.019,10.7,97.635,8,2703,2703
2017,Support services,,84.084,-4.8,106.906,2.3,505,505
2017,"Utilities, coastal",,109.219,-4.8,83.418,3.4,14930,14930
2017,Traditional power generation,,109.219,-4.8,83.418,3.4,14930,14930
2017,"Ship and boat building, nonrecreational",,164.787,2.8,100.71,0.2,22202,22202
2017,Ship building1,,178.995,2.5,100.295,0.2,19322,19322
2017,Barges and other nonpropelled ships,,68.918,5.6,99.076,0.3,165,165
2017,Military ships,,187.669,2.3,100.172,0.3,18578,18578
2017,Other ships,,90.165,6.4,102.327,-0.7,591,591
2017,Boat building2,,108.523,5,102.542,-0.2,2907,2907
2017,Fishing boats,,90.684,6.9,102.328,-0.7,163,163
2017,Tugboats and towboats,,90.684,6.9,102.328,-0.7,390,390
2017,Outboard motorboats,,140.99,-2,101.991,0.1,285,285
2017,Inboard motorboats,,134.015,5.9,102.991,0.5,872,872
2017,Other boats,,98.584,5.3,102.286,-0.6,1199,1199
2017,"Tourism and recreation, coastal and offshore",,105.289,2.2,98.858,3.7,217635,217635
2017,Guided tours,,91.459,9.1,105.493,1.4,13122,13122
2017,Water guided tours,,84.668,12.1,105.334,1.4,7542,7542
2017,Other scenic tours,,102.567,5.4,105.72,1.5,5580,5580
2017,"Recreational fishing, offshore",,160.884,5.4,101.404,0.8,7101,7101
2017,"Boating and paddling, offshore",,101.895,2,87.101,6.6,45668,45668
2017,Sailing,,113.043,2.7,103.094,-0.1,1957,1957
2017,Motorboating,,103.221,2.2,90.189,5.7,27538,27538
2017,Canoeing,,113.987,0.3,104.205,1,139,139
2017,Kayaking,,111.341,1.3,103.066,0.5,98,98
2017,Other boating and paddling3,,97.788,1.5,80.038,9.8,15842,15842
2017,Other water activities4,,111.961,-1.4,102.267,0.3,1329,1329
2017,Other coastal recreation,,103.394,2.1,96.889,2.4,28857,28857
2017,Maritime museums and cultural institutions,,100.205,6.5,106.171,2.5,1254,1254
2017,Beachgoing,,98.58,6.7,102.597,0.9,173,173
2017,Amusement parks,,118.006,9.7,113.015,3.6,2060,2060
2017,Hiking and camping,,97.022,-0.2,102.094,1.4,983,983
2017,RVing,,97.688,1.2,87.67,7.1,9515,9515
2017,Photography,,128.163,2.1,93.8,2.3,449,449
2017,Other general expenses,,105.136,1.2,100.155,-0.2,14334,14334
2017,"Trips and travel, coastal",,106.45,1.5,102.991,3.5,121381,121381
2017,Eating and drinking places,,109.428,2.6,108.257,2.4,18731,18731
2017,Hotel and lodging places,,106.074,0.7,109.197,3,70837,70837
2017,Travel arrangement services,,122.851,6.5,101.234,0.3,3286,3286
2017,Transportation services,,103.553,2.6,84.616,6.5,28429,28429
2017,National defense and public administration,,97.445,-2,102.753,2.1,158780,158780
2017,National defense and coast guard,,97.027,-2.3,102.71,2,148933,148933
2017,Federal public administration,,103.677,4.2,103.705,2.9,8751,8751
2017,State and local public administration,,108.874,1.7,101.132,2.1,1095,1095
2018,Total Marine Economy,,99.679,1.4,100.882,4.6,624256,624256
2018,"Living resources, marine",,106.699,-2.1,105.139,4.6,24710,24710
2018,"Commercial harvest, seafood markets, and processing",,104.962,-3.3,105.122,4.8,22781,22781
2018,Commercial harvest and seafood markets,,107.64,-3.2,100.885,6.4,11343,11343
2018,Seafood processing,,102.678,-3.4,109.066,3.3,11465,11465
2018,Fish-based animal foods,,107.95,-0.6,87.268,2.7,189,189
2018,"Pharmaceuticals, marine-based",,134.576,15.8,108.401,3.2,1723,1723
2018,"Construction, coastal and marine",,105.372,-0.3,108.361,4,5499,5499
2018,Conservation,,114.976,-2.4,107.228,3.7,3772,3772
2018,Dredging,,98.661,10.7,107.308,3.7,190,190
2018,Recreation facilities,,88.027,3.9,111.309,4.8,1536,1536
2018,"Research and education, marine",,107.342,-2.5,106.888,3.2,9042,9042
2018,Scientific research,,117.581,2.6,105.742,3.6,6225,6225
2018,National defense R&D,,95.728,-2.4,105.25,3.4,139,139
2018,Federal nondefense R&D,,114.142,-1.8,109.154,3.9,1618,1618
2018,State and local R&D,,117.086,-0.2,101.387,3.2,2105,2105
2018,Nonacademic R&D,,122.21,8.8,107.307,3.8,2363,2363
2018,Educational programs and courses,,88.743,-12.6,108.72,2.4,2497,2497
2018,Vocational training,,107.413,-4,108.317,2.1,286,286
2018,Laboratories,,108.513,-12,108.221,2,53,53
2018,"Transportation and warehousing, marine",,106.513,4,109.344,3.5,56633,56633
2018,Freight transportation,,96.049,-0.2,110.517,5.5,30927,30927
2018,Passenger transportation,,122.69,10.7,108.305,0.6,22605,22605
2018,Warehousing and storage,,117.572,2.4,108.99,3.7,2995,2995
2018,"Professional and technical services, marine",,109.117,-0.4,104.058,0.9,6491,6491
2018,"Minerals, offshore",,73.292,4.7,89.095,10.2,97887,97887
2018,Oil and gas,,72.364,4.8,88.8,10.4,94402,94402
2018,Sand and gravel,,109.136,1,102.493,5,2731,2731
2018,Support services,,88.61,5.4,109.719,2.6,532,532
2018,"Utilities, coastal",,99.216,-9.2,92.472,10.9,13563,13563
2018,Traditional power generation,,99.216,-9.2,92.472,10.9,13563,13563
2018,"Ship and boat building, nonrecreational",,166.851,1.3,101.298,0.6,22480,22480
2018,Ship building1,,180.643,0.9,100.861,0.6,19500,19500
2018,Barges and other nonpropelled ships,,66.941,-2.9,99.208,0.1,160,160
2018,Military ships,,189.24,0.8,100.821,0.6,18734,18734
2018,Other ships,,94.278,4.6,100.45,-1.8,618,618
2018,Boat building2,,112.224,3.4,103.268,0.7,3006,3006
2018,Fishing boats,,93.527,3.1,100.552,-1.7,168,168
2018,Tugboats and towboats,,93.527,3.1,100.552,-1.7,402,402
2018,Outboard motorboats,,153.938,9.2,105.263,3.2,311,311
2018,Inboard motorboats,,136.597,1.9,105.739,2.7,889,889
2018,Other boats,,101.784,3.2,102.081,-0.2,1238,1238
2018,"Tourism and recreation, coastal and offshore",,107.482,2.1,103.051,4.2,222169,222169
2018,Guided tours,,97.146,6.2,108.102,2.5,13938,13938
2018,Water guided tours,,91.63,8.2,107.849,2.4,8162,8162
2018,Other scenic tours,,106.179,3.5,108.459,2.6,5776,5776
2018,"Recreational fishing, offshore",,165.867,3.1,101.872,0.5,7320,7320
2018,"Boating and paddling, offshore",,103.427,1.5,93.7,7.6,46355,46355
2018,Sailing,,113.165,0.1,105.951,2.8,1959,1959
2018,Motorboating,,104.5,1.2,96.37,6.9,27879,27879
2018,Canoeing,,119.489,4.8,107.091,2.8,146,146
2018,Kayaking,,114.554,2.9,105.595,2.5,100,100
2018,Other boating and paddling3,,99.922,2.2,87.909,9.8,16187,16187
2018,Other water activities4,,116.178,3.8,104.075,1.8,1379,1379
2018,Other coastal recreation,,105.896,2.4,99.51,2.7,29555,29555
2018,Maritime museums and cultural institutions,,97.813,-2.4,108.636,2.3,1224,1224
2018,Beachgoing,,102.933,4.4,103.344,0.7,181,181
2018,Amusement parks,,125.553,6.4,115.577,2.3,2191,2191
2018,Hiking and camping,,99.582,2.6,105.192,3,1009,1009
2018,RVing,,100.289,2.7,94.11,7.3,9768,9768
2018,Photography,,125.922,-1.7,95.212,1.5,441,441
2018,Other general expenses,,107.403,2.2,100.298,0.1,14643,14643
2018,"Trips and travel, coastal",,108.223,1.7,107.083,4,123403,123403
2018,Eating and drinking places,,112.718,3,111.053,2.6,19294,19294
2018,Hotel and lodging places,,106.599,0.5,112.988,3.5,71188,71188
2018,Travel arrangement services,,132.073,7.5,101.868,0.6,3533,3533
2018,Transportation services,,107.152,3.5,90.711,7.2,29417,29417
2018,National defense and public administration,,97.19,-0.3,106.09,3.2,158364,158364
2018,National defense and coast guard,,96.538,-0.5,106.011,3.2,148183,148183
2018,Federal public administration,,107.377,3.6,107.566,3.7,9063,9063
2018,State and local public administration,,110.77,1.7,105.006,3.8,1114,1114
2019,Total Marine Economy,,104.715,5.1,101.508,0.6,655794,655794
2019,"Living resources, marine",,106.48,-0.2,107.882,2.6,24660,24660
2019,"Commercial harvest, seafood markets, and processing",,104.434,-0.5,107.79,2.5,22666,22666
2019,Commercial harvest and seafood markets,,108.724,1,102.453,1.6,11457,11457
2019,Seafood processing,,100.756,-1.9,112.828,3.4,11250,11250
2019,Fish-based animal foods,,115.58,7.1,83.604,-4.2,202,202
2019,"Pharmaceuticals, marine-based",,138.566,3,112.882,4.1,1774,1774
2019,"Construction, coastal and marine",,118.651,12.6,112.337,3.7,6192,6192
2019,Conservation,,125.403,9.1,111.234,3.7,4115,4115
2019,Dredging,,122.245,23.9,111.345,3.8,235,235
2019,Recreation facilities,,105.301,19.6,115.211,3.5,1838,1838
2019,"Research and education, marine",,113.245,5.5,109.176,2.1,9539,9539
2019,Scientific research,,126.998,8,107.998,2.1,6724,6724
2019,National defense R&D,,101.216,5.7,107.272,1.9,147,147
2019,Federal nondefense R&D,,116.779,2.3,112.178,2.8,1655,1655
2019,State and local R&D,,121.723,4,102.162,0.8,2189,2189
2019,Nonacademic R&D,,141.128,15.5,110.334,2.8,2729,2729
2019,Educational programs and courses,,89.242,0.6,111.178,2.3,2511,2511
2019,Vocational training,,103.494,-3.6,109.661,1.2,275,275
2019,Laboratories,,109.076,0.5,110.386,2,54,54
2019,"Transportation and warehousing, marine",,108.617,2,110.433,1,57751,57751
2019,Freight transportation,,93.339,-2.8,114.398,3.5,30054,30054
2019,Passenger transportation,,132.979,8.4,105.936,-2.2,24500,24500
2019,Warehousing and storage,,124.095,5.5,108.864,-0.1,3161,3161
2019,"Professional and technical services, marine",,98.257,-10,107.137,3,5845,5845
2019,"Minerals, offshore",,82.534,12.6,84.425,-5.2,110230,110230
2019,Oil and gas,,82.116,13.5,83.959,-5.5,107123,107123
2019,Sand and gravel,,103.378,-5.3,102.563,0.1,2587,2587
2019,Support services,,69.253,-21.8,112.663,2.7,416,416
2019,"Utilities, coastal",,92.319,-7,96.064,3.9,12620,12620
2019,Traditional power generation,,92.319,-7,96.064,3.9,12620,12620
2019,"Ship and boat building, nonrecreational",,226.787,35.9,102.228,0.9,30555,30555
2019,Ship building1,,257.488,42.5,101.559,0.7,27795,27795
2019,Barges and other nonpropelled ships,,65.541,-2.1,105.899,6.7,157,157
2019,Military ships,,273.327,44.4,101.453,0.6,27058,27058
2019,Other ships,,91.363,-3.1,101.978,1.5,599,599
2019,Boat building2,,105.928,-5.6,106.011,2.7,2837,2837
2019,Fishing boats,,91.032,-2.7,102.118,1.6,163,163
2019,Tugboats and towboats,,91.032,-2.7,102.118,1.6,392,392
2019,Outboard motorboats,,120.429,-21.8,110.019,4.5,244,244
2019,Inboard motorboats,,133.255,-2.4,108.816,2.9,867,867
2019,Other boats,,96.627,-5.1,104.662,2.5,1175,1175
2019,"Tourism and recreation, coastal and offshore",,108.787,1.2,104.448,1.4,224864,224864
2019,Guided tours,,97.476,0.3,110.992,2.7,13985,13985
2019,Water guided tours,,90.383,-1.4,110.864,2.8,8051,8051
2019,Other scenic tours,,109.081,2.7,111.175,2.5,5934,5934
2019,"Recreational fishing, offshore",,170.909,3,105.88,3.9,7543,7543
2019,"Boating and paddling, offshore",,105.251,1.8,92.163,-1.6,47172,47172
2019,Sailing,,115.973,2.5,108.699,2.6,2007,2007
2019,Motorboating,,106.619,2,95.83,-0.6,28445,28445
2019,Canoeing,,121.377,1.6,110.048,2.8,148,148
2019,Kayaking,,113.103,-1.3,108.74,3,99,99
2019,Other boating and paddling3,,101.092,1.2,84.049,-4.4,16377,16377
2019,Other water activities4,,114.206,-1.7,106.329,2.2,1356,1356
2019,Other coastal recreation,,105.894,0,100.225,0.7,29555,29555
2019,Maritime museums and cultural institutions,,101.457,3.7,110.794,2,1270,1270
2019,Beachgoing,,99.347,-3.5,105.614,2.2,175,175
2019,Amusement parks,,127.496,1.5,120.863,4.6,2225,2225
2019,Hiking and camping,,100.235,0.7,106.546,1.3,1016,1016
2019,RVing,,100.906,0.6,92.208,-2,9828,9828
2019,Photography,,135.375,7.5,92.455,-2.9,474,474
2019,Other general expenses,,106.111,-1.2,102.009,1.7,14467,14467
2019,"Trips and travel, coastal",,109.665,1.3,109.415,2.2,125047,125047
2019,Eating and drinking places,,113.865,1,114.132,2.8,19490,19490
2019,Hotel and lodging places,,107.898,1.2,116.66,3.3,72056,72056
2019,Travel arrangement services,,138.977,5.2,103.845,1.9,3718,3718
2019,Transportation services,,108.659,1.4,89.353,-1.5,29830,29830
2019,National defense and public administration,,102.524,5.5,107.981,1.8,167055,167055
2019,National defense and coast guard,,102.132,5.8,107.876,1.8,156769,156769
2019,Federal public administration,,108.408,1,109.988,2.3,9150,9150
2019,State and local public administration,,113.079,2.1,106.149,1.1,1137,1137
,,,,,,,,
2014,,All Industries,,,100,,626263,626263
2014,,    Private industries,,,100,,449416,449416
2014,,"        Agriculture, forestry, fishing, and hunting",,,100,,6585,6585
2014,,            Farms,,,100,,758,758
2014,,"            Forestry, fishing, and related activities",,,100,,5827,5827
2014,,        Mining,,,100,,116823,116823
2014,,            Oil and gas extraction,,,100,,77870,77870
2014,,"            Mining, except oil and gas",,,100,,1432,1432
2014,,            Support activities for mining,,,100,,37521,37521
2014,,        Utilities,,,100,,9967,9967
2014,,        Construction,,,100,,4968,4968
2014,,        Manufacturing,,,100,,71139,71139
2014,,            Durable goods,,,100,,24935,24935
2014,,                Wood products,,,100,,4,4
2014,,                Nonmetallic mineral products,,,100,,59,59
2014,,                Primary metals,,,100,,4,4
2014,,                Fabricated metal products,,,100,,208,208
2014,,                Machinery,,,100,,7830,7830
2014,,                Computer and electronic products,,,100,,275,275
2014,,"                Electrical equipment, appliances, and components",,,100,,343,343
2014,,"                Motor vehicles, bodies and trailers, and parts",,,100,,323,323
2014,,                Other transportation equipment,,,100,,15187,15187
2014,,                Furniture and related products,,,100,,28,28
2014,,                Miscellaneous manufacturing,,,100,,673,673
2014,,            Nondurable goods,,,100,,46205,46205
2014,,                Food and beverage and tobacco products,,,100,,7867,7867
2014,,                Textile mills and textile product mills,,,100,,176,176
2014,,                Apparel and leather and allied products,,,100,,667,667
2014,,                Paper products,,,100,,1,1
2014,,                Printing and related support activities,,,100,,2,2
2014,,                Petroleum and coal products,,,100,,36434,36434
2014,,                Chemical products,,,100,,990,990
2014,,                Plastics and rubber products,,,100,,69,69
2014,,        Wholesale trade,,,100,,21939,21939
2014,,        Retail trade,,,100,,30182,30182
2014,,            Motor vehicle and parts dealers,,,100,,2649,2649
2014,,            Food and beverage stores,,,100,,3292,3292
2014,,            General merchandise stores,,,100,,4349,4349
2014,,            Other retail,,,100,,19893,19893
2014,,        Transportation and warehousing,,,100,,67798,67798
2014,,            Air transportation,,,100,,6585,6585
2014,,            Rail transportation,,,100,,1135,1135
2014,,            Water transportation,,,100,,33364,33364
2014,,            Truck transportation,,,100,,5629,5629
2014,,            Transit and ground passenger transportation,,,100,,707,707
2014,,            Pipeline transportation,,,100,,3274,3274
2014,,            Other transportation and support activities,,,100,,15046,15046
2014,,            Warehousing and storage,,,100,,2059,2059
2014,,        Information,,,100,,510,510
2014,,"            Publishing industries, except internet (includes software)",,,100,,161,161
2014,,            Motion picture and sound recording industries,,,100,,21,21
2014,,            Broadcasting and telecommunications,,,100,,154,154
2014,,"            Data processing, internet publishing, and other information services",,,100,,175,175
2014,,"        Finance, insurance, real estate, rental, and leasing",,,100,,55506,55506
2014,,            Finance and insurance,,,100,,6442,6442
2014,,"                Federal Reserve banks, credit intermediation, and related activities",,,100,,72,72
2014,,"                Securities, commodity contracts, and investments",,,100,,0,0
2014,,                Insurance carriers and related activities,,,100,,6369,6369
2014,,"                Funds, trusts, and other financial vehicles",,,100,,0,0
2014,,            Real estate and rental and leasing,,,100,,49063,49063
2014,,                Real estate,,,100,,47366,47366
2014,,                    Housing,,,100,,47363,47363
2014,,                    Other real estate,,,100,,2,2
2014,,                Rental and leasing services and lessors of intangible assets,,,100,,1698,1698
2014,,        Professional and business services,,,100,,8543,8543
2014,,"            Professional, scientific, and technical services",,,100,,2776,2776
2014,,                Legal services,,,100,,599,599
2014,,                Computer systems design and related services,,,100,,40,40
2014,,"                Miscellaneous professional, scientific, and technical services",,,100,,2137,2137
2014,,            Management of companies and enterprises,,,100,,42,42
2014,,            Administrative and waste management services,,,100,,5725,5725
2014,,                Administrative and support services,,,100,,5721,5721
2014,,                Waste management and remediation services,,,100,,5,5
2014,,"        Educational services, health care, and social assistance",,,100,,2855,2855
2014,,            Educational services,,,100,,2739,2739
2014,,            Health care and social assistance,,,100,,115,115
2014,,                Ambulatory health care services,,,100,,40,40
2014,,                Hospitals,,,100,,63,63
2014,,                Nursing and residential care facilities,,,100,,8,8
2014,,                Social assistance,,,100,,5,5
2014,,"        Arts, entertainment, recreation, accommodation, and food services",,,100,,49530,49530
2014,,"            Arts, entertainment, and recreation",,,100,,12604,12604
2014,,"                Performing arts, spectator sports, museums, and related activities",,,100,,1221,1221
2014,,"                Amusements, gambling, and recreation industries",,,100,,11384,11384
2014,,            Accommodation and food services,,,100,,36925,36925
2014,,                Accommodation,,,100,,21564,21564
2014,,                Food services and drinking places,,,100,,15362,15362
2014,,"        Other services, except government",,,100,,3073,3073
2014,,    Government,,,100,,176847,176847
2014,,        Federal,,,100,,163441,163441
2014,,            General government,,,100,,163335,163335
2014,,                National defense,,,100,,150404,150404
2014,,                Nondefense,,,100,,12931,12931
2014,,            Government enterprises,,,100,,106,106
2014,,        State and local,,,100,,13406,13406
2014,,            General government,,,100,,4876,4876
2014,,            Government enterprises,,,100,,8530,8530
2015,,All Industries,100.397,0.4,93.681,-6.3,628753,589023
2015,,    Private industries,100.609,0.6,91.221,-8.8,452155,412461
2015,,"        Agriculture, forestry, fishing, and hunting",100.558,0.6,90.115,-9.9,6622,5967
2015,,            Farms,99.535,-0.5,96.16,-3.8,755,726
2015,,"            Forestry, fishing, and related activities",100.699,0.7,89.331,-10.7,5868,5242
2015,,        Mining,93.265,-6.7,74.219,-25.8,108955,80866
2015,,            Oil and gas extraction,93.945,-6.1,62.044,-38,73155,45388
2015,,"            Mining, except oil and gas",103.913,3.9,87.536,-12.5,1488,1303
2015,,            Support activities for mining,91.228,-8.8,99.84,-0.2,34229,34175
2015,,        Utilities,116.437,16.4,88.328,-11.7,11605,10251
2015,,        Construction,106.052,6.1,101.103,1.1,5268,5326
2015,,        Manufacturing,102.985,3,82.179,-17.8,73263,60207
2015,,            Durable goods,103.326,3.3,100.985,1,25764,26018
2015,,                Wood products,102.554,2.6,102.023,2,4,4
2015,,                Nonmetallic mineral products,106.737,6.7,101.904,1.9,63,64
2015,,                Primary metals,74.508,-25.5,101.774,1.8,3,3
2015,,                Fabricated metal products,80.778,-19.2,101.626,1.6,168,171
2015,,                Machinery,75.189,-24.8,101.133,1.1,5887,5954
2015,,                Computer and electronic products,123.388,23.4,98.223,-1.8,340,334
2015,,"                Electrical equipment, appliances, and components",80.767,-19.2,101.983,2,277,283
2015,,"                Motor vehicles, bodies and trailers, and parts",102.774,2.8,100.796,0.8,332,334
2015,,                Other transportation equipment,118.449,18.4,100.937,0.9,17989,18158
2015,,                Furniture and related products,94.706,-5.3,103.349,3.3,26,27
2015,,                Miscellaneous manufacturing,100.658,0.7,101.203,1.2,677,685
2015,,            Nondurable goods,102.776,2.8,71.996,-28,47487,34189
2015,,                Food and beverage and tobacco products,110.565,10.6,98.046,-2,8698,8528
2015,,                Textile mills and textile product mills,100.103,0.1,101.197,1.2,176,179
2015,,                Apparel and leather and allied products,94.417,-5.6,101.527,1.5,629,639
2015,,                Paper products,104.999,5,101.373,1.4,1,1
2015,,                Printing and related support activities,99.088,-0.9,100.941,0.9,2,2
2015,,                Petroleum and coal products,101.348,1.3,64.551,-35.4,36925,23835
2015,,                Chemical products,90.091,-9.9,105.176,5.2,892,938
2015,,                Plastics and rubber products,96.883,-3.1,101.135,1.1,67,68
2015,,        Wholesale trade,94.09,-5.9,103.106,3.1,20642,21283
2015,,        Retail trade,103.876,3.9,102.517,2.5,31352,32142
2015,,            Motor vehicle and parts dealers,119.165,19.2,98.616,-1.4,3157,3114
2015,,            Food and beverage stores,99.778,-0.2,105.024,5,3284,3449
2015,,            General merchandise stores,105.473,5.5,98.533,-1.5,4587,4520
2015,,            Other retail,102.23,2.2,103.555,3.6,20336,21059
2015,,        Transportation and warehousing,102.342,2.3,99.871,-0.1,69386,69296
2015,,            Air transportation,105.703,5.7,94.633,-5.4,6960,6587
2015,,            Rail transportation,85.851,-14.1,96.525,-3.5,974,940
2015,,            Water transportation,100.067,0.1,99.974,0,33386,33377
2015,,            Truck transportation,106.221,6.2,98.361,-1.6,5979,5881
2015,,            Transit and ground passenger transportation,108.065,8.1,101.95,2,764,779
2015,,            Pipeline transportation,105.921,5.9,101.555,1.6,3468,3522
2015,,            Other transportation and support activities,104.935,4.9,102.069,2.1,15789,16115
2015,,            Warehousing and storage,100.32,0.3,101.44,1.4,2066,2096
2015,,        Information,106.154,6.2,100.893,0.9,541,546
2015,,"            Publishing industries, except internet (includes software)",109.808,9.8,100.656,0.7,176,178
2015,,            Motion picture and sound recording industries,104.649,4.6,102.102,2.1,22,22
2015,,            Broadcasting and telecommunications,100.37,0.4,101.016,1,155,156
2015,,"            Data processing, internet publishing, and other information services",108.083,8.1,100.868,0.9,189,190
2015,,"        Finance, insurance, real estate, rental, and leasing",103.607,3.6,102.555,2.6,57508,58977
2015,,            Finance and insurance,106.338,6.3,101.248,1.2,6850,6936
2015,,"                Federal Reserve banks, credit intermediation, and related activities",104.201,4.2,101.367,1.4,75,76
2015,,"                Securities, commodity contracts, and investments",3.911,-96.1,102.55,2.6,0,0
2015,,                Insurance carriers and related activities,106.368,6.4,101.247,1.2,6775,6859
2015,,"                Funds, trusts, and other financial vehicles",3.911,-96.1,102.55,2.6,0,0
2015,,            Real estate and rental and leasing,103.251,3.3,102.729,2.7,50659,52041
2015,,                Real estate,102.961,3,103.082,3.1,48768,50271
2015,,                    Housing,102.961,3,103.082,3.1,48766,50268
2015,,                    Other real estate,99.446,-0.6,102.128,2.1,2,2
2015,,                Rental and leasing services and lessors of intangible assets,111.748,11.7,93.309,-6.7,1897,1770
2015,,        Professional and business services,101.596,1.6,102.145,2.1,8680,8866
2015,,"            Professional, scientific, and technical services",96.935,-3.1,102.694,2.7,2691,2763
2015,,                Legal services,100.228,0.2,103.212,3.2,600,620
2015,,                Computer systems design and related services,118.766,18.8,102.027,2,47,48
2015,,"                Miscellaneous professional, scientific, and technical services",95.602,-4.4,102.56,2.6,2043,2096
2015,,            Management of companies and enterprises,95.985,-4,102.55,2.6,40,41
2015,,            Administrative and waste management services,103.907,3.9,101.886,1.9,5949,6061
2015,,                Administrative and support services,103.873,3.9,101.924,1.9,5942,6057
2015,,                Waste management and remediation services,155.707,55.7,63.075,-36.9,7,4
2015,,"        Educational services, health care, and social assistance",106.662,6.7,101.661,1.7,3045,3096
2015,,            Educational services,106.501,6.5,101.662,1.7,2917,2966
2015,,            Health care and social assistance,110.468,10.5,101.633,1.6,128,130
2015,,                Ambulatory health care services,118.42,18.4,100.028,0,48,48
2015,,                Hospitals,107,7,102.949,2.9,67,69
2015,,                Nursing and residential care facilities,97.918,-2.1,103.327,3.3,7,8
2015,,                Social assistance,109.687,9.7,95.674,-4.3,5,5
2015,,"        Arts, entertainment, recreation, accommodation, and food services",103.051,3.1,102.646,2.6,51041,52391
2015,,"            Arts, entertainment, and recreation",99.949,-0.1,102.83,2.8,12598,12954
2015,,"                Performing arts, spectator sports, museums, and related activities",94.409,-5.6,102.307,2.3,1152,1179
2015,,"                Amusements, gambling, and recreation industries",100.541,0.5,102.884,2.9,11445,11775
2015,,            Accommodation and food services,104.111,4.1,102.584,2.6,38443,39437
2015,,                Accommodation,103.732,3.7,102.226,2.2,22369,22866
2015,,                Food services and drinking places,104.641,4.6,103.085,3.1,16075,16571
2015,,"        Other services, except government",102.687,2.7,102.929,2.9,3155,3248
2015,,    Government,99.87,-0.1,99.969,0,176618,176563
2015,,        Federal,99.225,-0.8,100.173,0.2,162175,162455
2015,,            General government,99.228,-0.8,100.174,0.2,162073,162355
2015,,                National defense,99.197,-0.8,100.215,0.2,149196,149517
2015,,                Nondefense,99.587,-0.4,99.696,-0.3,12878,12839
2015,,            Government enterprises,95.596,-4.4,98.316,-1.7,102,100
2015,,        State and local,107.831,7.8,97.592,-2.4,14456,14108
2015,,            General government,105.223,5.2,100.304,0.3,5130,5146
2015,,            Government enterprises,109.35,9.4,96.074,-3.9,9328,8962
2016,,All Industries,98.292,-2.1,92.941,-0.8,615566,572111
2016,,    Private industries,97.375,-3.2,90.034,-1.3,437618,394005
2016,,"        Agriculture, forestry, fishing, and hunting",101.512,0.9,92.513,2.7,6685,6184
2016,,            Farms,102.841,3.3,89.066,-7.4,780,695
2016,,"            Forestry, fishing, and related activities",101.333,0.6,92.973,4.1,5905,5490
2016,,        Mining,72.917,-21.8,68.526,-7.7,85183,58373
2016,,            Oil and gas extraction,91.945,-2.1,55.598,-10.4,71597,39807
2016,,"            Mining, except oil and gas",101.443,-2.4,83.25,-4.9,1453,1210
2016,,            Support activities for mining,47.741,-47.7,96.894,-3,17913,17357
2016,,        Utilities,111.711,-4.1,81.005,-8.3,11134,9019
2016,,        Construction,120.298,13.4,101.327,0.2,5976,6055
2016,,        Manufacturing,106.458,3.4,76.504,-6.9,75733,57939
2016,,            Durable goods,112.823,9.2,100.733,-0.2,28132,28338
2016,,                Wood products,99.181,-3.3,108.21,6.1,4,5
2016,,                Nonmetallic mineral products,114.756,7.5,103.597,1.7,68,70
2016,,                Primary metals,74.137,-0.5,100.465,-1.3,3,3
2016,,                Fabricated metal products,50.149,-37.9,102.681,1,104,107
2016,,                Machinery,47.066,-37.4,100.589,-0.5,3685,3707
2016,,                Computer and electronic products,112.247,-9,93.85,-4.5,309,290
2016,,"                Electrical equipment, appliances, and components",68.159,-15.6,102.538,0.5,234,240
2016,,"                Motor vehicles, bodies and trailers, and parts",89.812,-12.6,101.432,0.6,290,294
2016,,                Other transportation equipment,149.639,26.3,100.893,0,22726,22929
2016,,                Furniture and related products,75.449,-20.3,106.556,3.1,21,22
2016,,                Miscellaneous manufacturing,102.349,1.7,97.45,-3.7,689,671
2016,,            Nondurable goods,101.388,-1.4,63.188,-12.2,46846,29601
2016,,                Food and beverage and tobacco products,109.481,-1,98.172,0.1,8612,8455
2016,,                Textile mills and textile product mills,109.532,9.4,101.11,-0.1,193,195
2016,,                Apparel and leather and allied products,110.236,16.8,101.768,0.2,735,748
2016,,                Paper products,107.579,2.5,99.678,-1.7,1,1
2016,,                Printing and related support activities,94.982,-4.1,101.369,0.4,2,2
2016,,                Petroleum and coal products,99.18,-2.1,53.029,-17.9,36135,19162
2016,,                Chemical products,89.708,-0.4,109.651,4.3,888,974
2016,,                Plastics and rubber products,89.392,-7.7,104.508,3.3,62,65
2016,,        Wholesale trade,87.872,-6.6,105.664,2.5,19278,20370
2016,,        Retail trade,109.057,5,104.514,1.9,32916,34402
2016,,            Motor vehicle and parts dealers,134.942,13.2,99.375,0.8,3575,3553
2016,,            Food and beverage stores,98.476,-1.3,108.71,3.5,3242,3524
2016,,            General merchandise stores,105.177,-0.3,99.298,0.8,4574,4542
2016,,            Other retail,108.297,5.9,105.756,2.1,21543,22783
2016,,        Transportation and warehousing,99.884,-2.4,101.116,1.2,67719,68475
2016,,            Air transportation,106.67,0.9,92.391,-2.4,7024,6490
2016,,            Rail transportation,57.985,-32.5,94.546,-2.1,658,622
2016,,            Water transportation,98.219,-1.8,101.498,1.5,32769,33260
2016,,            Truck transportation,106.002,-0.2,97.777,-0.6,5966,5834
2016,,            Transit and ground passenger transportation,114.978,6.4,103.807,1.8,813,844
2016,,            Pipeline transportation,103.952,-1.9,104.944,3.3,3403,3572
2016,,            Other transportation and support activities,99.134,-5.5,104.749,2.6,14916,15624
2016,,            Warehousing and storage,106.026,5.7,102.139,0.7,2183,2230
2016,,        Information,109.871,3.5,101.647,0.7,560,570
2016,,"            Publishing industries, except internet (includes software)",122.458,11.5,99.871,-0.8,197,196
2016,,            Motion picture and sound recording industries,107.676,2.9,101.689,-0.4,22,23
2016,,            Broadcasting and telecommunications,86.718,-13.6,107.709,6.6,134,144
2016,,"            Data processing, internet publishing, and other information services",119.677,10.7,98.854,-2,209,207
2016,,"        Finance, insurance, real estate, rental, and leasing",106.096,2.4,105.406,2.8,58889,62073
2016,,            Finance and insurance,111.027,4.4,102.114,0.9,7152,7304
2016,,"                Federal Reserve banks, credit intermediation, and related activities",104.491,0.3,104.37,3,76,79
2016,,"                Securities, commodity contracts, and investments",35.774,814.7,100.824,-1.7,0,0
2016,,                Insurance carriers and related activities,111.106,4.5,102.089,0.8,7077,7225
2016,,"                Funds, trusts, and other financial vehicles",35.775,814.6,100.824,-1.7,0,0
2016,,            Real estate and rental and leasing,105.459,2.1,105.851,3,51742,54769
2016,,                Real estate,104.827,1.8,106.578,3.4,49652,52918
2016,,                    Housing,104.827,1.8,106.579,3.4,49649,52916
2016,,                    Other real estate,99.628,0.2,104.558,2.4,2,2
2016,,                Rental and leasing services and lessors of intangible assets,124.988,11.8,87.218,-6.5,2122,1851
2016,,        Professional and business services,106.946,5.3,103.276,1.1,9137,9436
2016,,"            Professional, scientific, and technical services",100.718,3.9,102.64,-0.1,2796,2870
2016,,                Legal services,100.413,0.2,105.39,2.1,601,634
2016,,                Computer systems design and related services,207.614,74.8,100.574,-1.4,83,83
2016,,"                Miscellaneous professional, scientific, and technical services",98.838,3.4,101.905,-0.6,2112,2153
2016,,            Management of companies and enterprises,99.934,4.1,100.824,-1.7,42,42
2016,,            Administrative and waste management services,110.027,5.9,103.566,1.6,6299,6524
2016,,                Administrative and support services,109.987,5.9,103.612,1.7,6292,6519
2016,,                Waste management and remediation services,174.192,11.9,58.451,-7.3,8,5
2016,,"        Educational services, health care, and social assistance",106.697,0,103.179,1.5,3046,3143
2016,,            Educational services,105.297,-1.1,103.213,1.5,2884,2977
2016,,            Health care and social assistance,140.01,26.7,102.512,0.9,162,166
2016,,                Ambulatory health care services,179.195,51.3,99.764,-0.3,72,72
2016,,                Hospitals,122.381,14.4,104.48,1.5,77,81
2016,,                Nursing and residential care facilities,97.838,-0.1,106.1,2.7,7,8
2016,,                Social assistance,115.216,5,97.693,2.1,5,5
2016,,"        Arts, entertainment, recreation, accommodation, and food services",105.012,1.9,104.972,2.3,52012,54598
2016,,"            Arts, entertainment, and recreation",102.045,2.1,104.649,1.8,12862,13460
2016,,"                Performing arts, spectator sports, museums, and related activities",93.524,-0.9,104.095,1.7,1142,1188
2016,,"                Amusements, gambling, and recreation industries",102.955,2.4,104.706,1.8,11720,12272
2016,,            Accommodation and food services,106.027,1.8,105.077,2.4,39151,41139
2016,,                Accommodation,105.353,1.6,104.612,2.3,22718,23766
2016,,                Food services and drinking places,106.967,2.2,105.726,2.6,16432,17373
2016,,"        Other services, except government",103.985,1.3,105.45,2.4,3195,3369
2016,,    Government,100.361,0.5,100.349,0.4,177486,178106
2016,,        Federal,99.495,0.3,100.72,0.5,162616,163786
2016,,            General government,99.499,0.3,100.72,0.5,162517,163687
2016,,                National defense,99.314,0.1,100.692,0.5,149373,150407
2016,,                Nondefense,101.651,2.1,101.027,1.3,13145,13280
2016,,            Government enterprises,93.035,-2.7,100.597,2.3,99,100
2016,,        State and local,111.114,3,96.135,-1.5,14896,14320
2016,,            General government,110.186,4.7,99.9,-0.4,5372,5367
2016,,            Government enterprises,111.62,2.1,94.031,-2.1,9522,8953
2017,,All Industries,98.305,0,96.433,3.8,615648,593685
2017,,    Private industries,98.172,0.8,94.086,4.5,441200,415108
2017,,"        Agriculture, forestry, fishing, and hunting",105.576,4,89.628,-3.1,6953,6231
2017,,            Farms,101.29,-1.5,91.472,2.7,768,703
2017,,"            Forestry, fishing, and related activities",106.122,4.7,89.409,-3.8,6184,5529
2017,,        Mining,70.484,-3.3,77.541,13.2,82341,63848
2017,,            Oil and gas extraction,89.291,-2.9,65.698,18.2,69530,45680
2017,,"            Mining, except oil and gas",102.783,1.3,93.967,12.9,1472,1383
2017,,            Support activities for mining,45.445,-4.8,98.434,1.6,17052,16785
2017,,        Utilities,105.887,-5.2,83.689,3.3,10554,8832
2017,,        Construction,105.145,-12.6,104.282,2.9,5223,5447
2017,,        Manufacturing,105.982,-0.4,82.086,7.3,75395,61888
2017,,            Durable goods,113.657,0.7,101.242,0.5,28340,28692
2017,,                Wood products,101.564,2.4,108.175,0,4,5
2017,,                Nonmetallic mineral products,109.828,-4.3,108.502,4.7,65,71
2017,,                Primary metals,71.332,-3.8,100.272,-0.2,3,3
2017,,                Fabricated metal products,48.565,-3.2,104.354,1.6,101,106
2017,,                Machinery,42.895,-8.9,100.902,0.3,3359,3389
2017,,                Computer and electronic products,109.292,-2.6,95.28,1.5,301,287
2017,,"                Electrical equipment, appliances, and components",76.719,12.6,103.022,0.5,263,271
2017,,"                Motor vehicles, bodies and trailers, and parts",84.383,-6,103.35,1.9,272,282
2017,,                Other transportation equipment,153.368,2.5,101.312,0.4,23293,23598
2017,,                Furniture and related products,73.068,-3.2,107.741,1.1,20,22
2017,,                Miscellaneous manufacturing,97.706,-4.5,100.463,3.1,657,660
2017,,            Nondurable goods,99.852,-1.5,71.952,13.9,46136,33196
2017,,                Food and beverage and tobacco products,104.779,-4.3,105.084,7,8242,8662
2017,,                Textile mills and textile product mills,106.167,-3.1,101.308,0.2,187,190
2017,,                Apparel and leather and allied products,99.358,-9.9,103,1.2,662,682
2017,,                Paper products,113.793,5.8,100.198,0.5,1,1
2017,,                Printing and related support activities,91.493,-3.7,103.016,1.6,2,2
2017,,                Petroleum and coal products,99.165,0,62.549,18,36129,22598
2017,,                Chemical products,88.356,-1.5,114.359,4.3,875,1000
2017,,                Plastics and rubber products,84.036,-6,105.862,1.3,58,62
2017,,        Wholesale trade,90.153,2.6,107.412,1.7,19778,21244
2017,,        Retail trade,113.767,4.3,105.474,0.9,34338,36217
2017,,            Motor vehicle and parts dealers,140.161,3.9,98.788,-0.6,3714,3668
2017,,            Food and beverage stores,102.715,4.3,109.73,0.9,3381,3710
2017,,            General merchandise stores,105.232,0.1,99.479,0.2,4576,4553
2017,,            Other retail,113.97,5.2,107.122,1.3,22672,24286
2017,,        Transportation and warehousing,102.966,3.1,103.752,2.6,69808,72428
2017,,            Air transportation,110.387,3.5,94.309,2.1,7269,6855
2017,,            Rail transportation,60.521,4.4,97.902,3.5,687,672
2017,,            Water transportation,102.606,4.5,104.344,2.8,34233,35720
2017,,            Truck transportation,106.437,0.4,99.986,2.3,5991,5990
2017,,            Transit and ground passenger transportation,132.977,15.7,105.421,1.6,940,991
2017,,            Pipeline transportation,107.113,3,105.649,0.7,3507,3705
2017,,            Other transportation and support activities,98.443,-0.7,107.879,3,14812,15979
2017,,            Warehousing and storage,116.397,9.8,104.953,2.8,2397,2516
2017,,        Information,109.04,-0.8,103.386,1.7,556,575
2017,,"            Publishing industries, except internet (includes software)",126.155,3,100.754,0.9,203,204
2017,,            Motion picture and sound recording industries,109.038,1.3,106.723,4.9,23,24
2017,,            Broadcasting and telecommunications,71.912,-17.1,112.171,4.1,111,124
2017,,"            Data processing, internet publishing, and other information services",128.051,7,99.482,0.6,224,222
2017,,"        Finance, insurance, real estate, rental, and leasing",107.026,0.9,108.511,2.9,59405,64461
2017,,            Finance and insurance,110.489,-0.5,102.802,0.7,7118,7317
2017,,"                Federal Reserve banks, credit intermediation, and related activities",107.223,2.6,106.685,2.2,78,83
2017,,"                Securities, commodity contracts, and investments",36.711,2.6,103.767,2.9,0,0
2017,,                Insurance carriers and related activities,110.529,-0.5,102.76,0.7,7040,7234
2017,,"                Funds, trusts, and other financial vehicles",36.711,2.6,103.767,2.9,0,0
2017,,            Real estate and rental and leasing,106.571,1.1,109.288,3.2,52287,57144
2017,,                Real estate,105.873,1,110.148,3.3,50148,55236
2017,,                    Housing,105.874,1,110.148,3.3,50145,55234
2017,,                    Other real estate,96.331,-3.3,106.979,2.3,2,2
2017,,                Rental and leasing services and lessors of intangible assets,128.353,2.7,87.52,0.3,2179,1907
2017,,        Professional and business services,113.751,6.4,105.501,2.2,9718,10253
2017,,"            Professional, scientific, and technical services",104.018,3.3,105.603,2.9,2888,3049
2017,,                Legal services,104.14,3.7,108.992,3.4,624,680
2017,,                Computer systems design and related services,308.714,48.7,103.516,2.9,123,128
2017,,"                Miscellaneous professional, scientific, and technical services",100.208,1.4,104.683,2.7,2142,2242
2017,,            Management of companies and enterprises,104.981,5.1,103.767,2.9,44,46
2017,,            Administrative and waste management services,118.539,7.7,105.466,1.8,6786,7157
2017,,                Administrative and support services,118.512,7.8,105.501,1.8,6780,7153
2017,,                Waste management and remediation services,155.349,-10.8,70.259,20.2,7,5
2017,,"        Educational services, health care, and social assistance",107.477,0.7,105.785,2.5,3068,3246
2017,,            Educational services,105.876,0.5,105.858,2.6,2900,3070
2017,,            Health care and social assistance,145.606,4,104.44,1.9,168,176
2017,,                Ambulatory health care services,196.294,9.5,100.846,1.1,79,80
2017,,                Hospitals,121.697,-0.6,107.055,2.5,77,82
2017,,                Nursing and residential care facilities,97.313,-0.5,108.706,2.5,7,8
2017,,                Social assistance,120.815,4.9,101.23,3.6,5,6
2017,,"        Arts, entertainment, recreation, accommodation, and food services",107.385,2.3,106.946,1.9,53187,56882
2017,,"            Arts, entertainment, and recreation",107.801,5.6,105.414,0.7,13588,14323
2017,,"                Performing arts, spectator sports, museums, and related activities",100.24,7.2,106.685,2.5,1224,1305
2017,,"                Amusements, gambling, and recreation industries",108.608,5.5,105.292,0.6,12363,13018
2017,,            Accommodation and food services,107.258,1.2,107.457,2.3,39605,42558
2017,,                Accommodation,105.394,0,106.885,2.2,22727,24292
2017,,                Food services and drinking places,109.848,2.7,108.252,2.4,16875,18267
2017,,"        Other services, except government",105.279,1.2,109.935,4.3,3235,3556
2017,,    Government,98.566,-1.8,102.448,2.1,174311,178578
2017,,        Federal,97.544,-2,102.786,2.1,159426,163868
2017,,            General government,97.546,-2,102.785,2.1,159328,163765
2017,,                National defense,96.97,-2.4,102.688,2,145847,149767
2017,,                Nondefense,104.216,2.5,103.868,2.8,13476,13998
2017,,            Government enterprises,93.006,0,103.743,3.1,99,103
2017,,        State and local,111.312,0.2,98.579,2.5,14922,14710
2017,,            General government,111.419,1.1,101.576,1.7,5432,5518
2017,,            Government enterprises,111.195,-0.4,96.912,3.1,9485,9192
2018,,All Industries,99.679,1.4,100.882,4.6,624256,629764
2018,,    Private industries,100.371,2.2,98.924,5.1,451085,446229
2018,,"        Agriculture, forestry, fishing, and hunting",98.271,-6.9,96.889,8.1,6471,6270
2018,,            Farms,88.681,-12.4,91.413,-0.1,672,615
2018,,"            Forestry, fishing, and related activities",99.493,-6.2,97.549,9.1,5798,5655
2018,,        Mining,73.578,4.4,86.791,11.9,85956,74602
2018,,            Oil and gas extraction,96.121,7.7,77.446,17.9,74849,57968
2018,,"            Mining, except oil and gas",105.384,2.5,98.863,5.2,1509,1492
2018,,            Support activities for mining,43.04,-5.3,93.761,-4.7,16149,15141
2018,,        Utilities,97.352,-8.1,92.641,10.7,9703,8989
2018,,        Construction,103.56,-1.5,108.407,4,5144,5577
2018,,        Manufacturing,106.348,0.3,88.227,7.5,75656,66749
2018,,            Durable goods,115.704,1.8,102.162,0.9,28850,29474
2018,,                Wood products,105.279,3.7,109.945,1.6,4,5
2018,,                Nonmetallic mineral products,105.212,-4.2,112.462,3.6,62,70
2018,,                Primary metals,78.797,10.5,103.618,3.3,3,3
2018,,                Fabricated metal products,49.441,1.8,106.747,2.3,103,110
2018,,                Machinery,46.717,8.9,102.344,1.4,3658,3744
2018,,                Computer and electronic products,107.767,-1.4,97.976,2.8,297,291
2018,,"                Electrical equipment, appliances, and components",85.848,11.9,103.817,0.8,295,306
2018,,"                Motor vehicles, bodies and trailers, and parts",52.746,-37.5,108.195,4.7,170,184
2018,,                Other transportation equipment,154.9,1,102.071,0.7,23525,24012
2018,,                Furniture and related products,77.797,6.5,108.813,1,22,24
2018,,                Miscellaneous manufacturing,106.104,8.6,101.657,1.2,714,726
2018,,            Nondurable goods,99.011,-0.8,81.478,13.2,45748,37275
2018,,                Food and beverage and tobacco products,99.367,-5.2,109.163,3.9,7817,8533
2018,,                Textile mills and textile product mills,108.873,2.5,101.323,0,192,194
2018,,                Apparel and leather and allied products,103.927,4.6,104.188,1.2,693,722
2018,,                Paper products,114.811,0.9,101.713,1.5,1,1
2018,,                Printing and related support activities,94.005,2.7,104.302,1.2,2,2
2018,,                Petroleum and coal products,99.249,0.1,73.634,17.7,36160,26626
2018,,                Chemical products,97.159,10,117.948,3.1,962,1135
2018,,                Plastics and rubber products,84.596,0.7,106.477,0.6,59,62
2018,,        Wholesale trade,92.082,2.1,108.403,0.9,20202,21899
2018,,        Retail trade,119.669,5.2,106.574,1,36119,38493
2018,,            Motor vehicle and parts dealers,141.058,0.6,101.65,2.9,3737,3799
2018,,            Food and beverage stores,101.147,-1.5,113.152,3.1,3329,3767
2018,,            General merchandise stores,110.51,5,99.084,-0.4,4806,4762
2018,,            Other retail,121.893,7,107.909,0.7,24248,26165
2018,,        Transportation and warehousing,107.663,4.6,107.576,3.7,72993,78523
2018,,            Air transportation,115.326,4.5,98.016,3.9,7594,7443
2018,,            Rail transportation,67.154,11,103.287,5.5,762,787
2018,,            Water transportation,108.756,6,108.642,4.1,36285,39421
2018,,            Truck transportation,107.549,1,106.287,6.3,6053,6434
2018,,            Transit and ground passenger transportation,145.966,9.8,107.182,1.7,1032,1106
2018,,            Pipeline transportation,118.604,10.7,107.13,1.4,3883,4160
2018,,            Other transportation and support activities,99.541,1.1,110.246,2.2,14977,16512
2018,,            Warehousing and storage,118.607,1.9,108.948,3.8,2442,2661
2018,,        Information,120.432,10.4,104.281,0.9,614,640
2018,,"            Publishing industries, except internet (includes software)",136.873,8.5,100.827,0.1,220,222
2018,,            Motion picture and sound recording industries,108.411,-0.6,109.469,2.6,23,25
2018,,            Broadcasting and telecommunications,69.771,-3,115.13,2.6,108,124
2018,,"            Data processing, internet publishing, and other information services",154.953,21,99.991,0.5,271,270
2018,,"        Finance, insurance, real estate, rental, and leasing",108.089,1,111.748,3,59995,67043
2018,,            Finance and insurance,109.734,-0.7,103.703,0.9,7069,7331
2018,,"                Federal Reserve banks, credit intermediation, and related activities",95.547,-10.9,115.532,8.3,69,80
2018,,"                Securities, commodity contracts, and investments",40.974,11.6,107.764,3.9,0,0
2018,,                Insurance carriers and related activities,109.908,-0.6,103.577,0.8,7000,7251
2018,,"                Funds, trusts, and other financial vehicles",40.979,11.6,107.764,3.9,0,0
2018,,            Real estate and rental and leasing,107.856,1.2,112.84,3.3,52918,59712
2018,,                Real estate,106.955,1,113.779,3.3,50660,57641
2018,,                    Housing,106.956,1,113.779,3.3,50658,57638
2018,,                    Other real estate,93.47,-3,111.224,4,2,2
2018,,                Rental and leasing services and lessors of intangible assets,136.771,6.6,89.214,1.9,2322,2072
2018,,        Professional and business services,122.281,7.5,107.954,2.3,10447,11278
2018,,"            Professional, scientific, and technical services",110.785,6.5,109.13,3.3,3075,3356
2018,,                Legal services,101.52,-2.5,111.903,2.7,608,680
2018,,                Computer systems design and related services,289.803,-6.1,107.275,3.6,116,124
2018,,"                Miscellaneous professional, scientific, and technical services",110.179,10,108.363,3.5,2355,2552
2018,,            Management of companies and enterprises,110.249,5,107.764,3.9,46,50
2018,,            Administrative and waste management services,127.951,7.9,107.455,1.9,7325,7871
2018,,                Administrative and support services,127.921,7.9,107.493,1.9,7318,7866
2018,,                Waste management and remediation services,168.683,8.6,69.35,-1.3,8,5
2018,,"        Educational services, health care, and social assistance",99.222,-7.7,108.15,2.2,2833,3063
2018,,            Educational services,97.336,-8.1,108.341,2.3,2666,2889
2018,,            Health care and social assistance,144.324,-0.9,104.829,0.4,167,175
2018,,                Ambulatory health care services,200.336,2.1,98.315,-2.5,81,80
2018,,                Hospitals,117.131,-3.8,110.294,3,74,81
2018,,                Nursing and residential care facilities,95.986,-1.4,111.689,2.7,7,8
2018,,                Social assistance,122.176,1.1,101.679,0.4,5,6
2018,,"        Arts, entertainment, recreation, accommodation, and food services",108.65,1.2,110.357,3.2,53814,59388
2018,,"            Arts, entertainment, and recreation",109.451,1.5,108.486,2.9,13796,14966
2018,,"                Performing arts, spectator sports, museums, and related activities",97.866,-2.4,109.165,2.3,1195,1304
2018,,"                Amusements, gambling, and recreation industries",110.694,1.9,108.422,3,12601,13662
2018,,            Accommodation and food services,108.395,1.1,110.984,3.3,40025,44421
2018,,                Accommodation,104.866,-0.5,110.971,3.8,22613,25094
2018,,                Food services and drinking places,113.307,3.1,111.04,2.6,17406,19328
2018,,"        Other services, except government",105.412,0.1,114.709,4.3,3239,3716
2018,,    Government,97.998,-0.6,105.902,3.4,173306,183535
2018,,        Federal,97.251,-0.3,106.127,3.3,158948,168687
2018,,            General government,97.251,-0.3,106.128,3.3,158845,168580
2018,,                National defense,96.472,-0.5,105.98,3.2,145098,153775
2018,,                Nondefense,106.248,1.9,107.754,3.7,13739,14804
2018,,            Government enterprises,96.488,3.7,104.322,0.6,103,107
2018,,        State and local,107.273,-3.6,103.25,4.7,14381,14848
2018,,            General government,110.644,-0.7,104.862,3.2,5395,5657
2018,,            Government enterprises,105.226,-5.4,102.4,5.7,8976,9191
2019,,All Industries,104.715,5.1,101.508,0.6,655794,665686
2019,,    Private industries,105.38,5,99.05,0.1,473592,469093
2019,,"        Agriculture, forestry, fishing, and hunting",98.435,0.2,97.225,0.3,6482,6302
2019,,            Farms,89.244,0.6,92.688,1.4,677,627
2019,,"            Forestry, fishing, and related activities",99.608,0.1,97.776,0.2,5804,5675
2019,,        Mining,83.933,14.1,81.016,-6.7,98053,79438
2019,,            Oil and gas extraction,105.768,10,70.885,-8.5,82361,58382
2019,,"            Mining, except oil and gas",105.935,0.5,97.105,-1.8,1517,1473
2019,,            Support activities for mining,56.05,30.2,93.118,-0.7,21030,19583
2019,,        Utilities,89.442,-8.1,96.371,4,8915,8591
2019,,        Construction,115.253,11.3,112.429,3.7,5725,6437
2019,,        Manufacturing,120.222,13,86.102,-2.4,85526,73640
2019,,            Durable goods,149.385,29.1,103.552,1.4,37249,38572
2019,,                Wood products,103.536,-1.7,113.481,3.2,4,5
2019,,                Nonmetallic mineral products,107.314,2,114.158,1.5,64,73
2019,,                Primary metals,77.439,-1.7,104.818,1.2,3,3
2019,,                Fabricated metal products,48.69,-1.5,110.745,3.7,101,112
2019,,                Machinery,52.803,13,104.439,2,4134,4318
2019,,                Computer and electronic products,117.598,9.1,101.084,3.2,324,327
2019,,"                Electrical equipment, appliances, and components",81.852,-4.7,105.796,1.9,281,297
2019,,"                Motor vehicles, bodies and trailers, and parts",83.845,59,113.692,5.1,271,308
2019,,                Other transportation equipment,206.985,33.6,103.073,1,31436,32402
2019,,                Furniture and related products,76.86,-1.2,113.61,4.4,21,24
2019,,                Miscellaneous manufacturing,93.604,-11.8,111.62,9.8,630,703
2019,,            Nondurable goods,98.878,-0.1,76.757,-5.8,45686,35068
2019,,                Food and beverage and tobacco products,97.568,-1.8,112.77,3.3,7675,8655
2019,,                Textile mills and textile product mills,107.338,-1.4,103.312,2,189,195
2019,,                Apparel and leather and allied products,108.574,4.5,104.615,0.4,724,757
2019,,                Paper products,112.604,-1.9,104.467,2.7,1,1
2019,,                Printing and related support activities,97.065,3.3,104.788,0.5,2,2
2019,,                Petroleum and coal products,99.43,0.2,66.795,-9.3,36226,24197
2019,,                Chemical products,99.881,2.8,120.76,2.4,989,1194
2019,,                Plastics and rubber products,85.827,1.5,110.813,4.1,59,66
2019,,        Wholesale trade,92.228,0.2,110.752,2.2,20234,22409
2019,,        Retail trade,121.741,1.7,108.689,2,36745,39937
2019,,            Motor vehicle and parts dealers,154.106,9.3,105.656,3.9,4083,4314
2019,,            Food and beverage stores,102.845,1.7,115.405,2,3385,3907
2019,,            General merchandise stores,109.629,-0.8,101.857,2.8,4768,4856
2019,,            Other retail,123.232,1.1,109.572,1.5,24514,26860
2019,,        Transportation and warehousing,109.592,1.8,109.401,1.7,74301,81285
2019,,            Air transportation,117.678,2,102.296,4.4,7749,7927
2019,,            Rail transportation,64.221,-4.4,106.401,3,729,775
2019,,            Water transportation,110.249,1.4,109.335,0.6,36783,40217
2019,,            Truck transportation,108.525,0.9,108.696,2.3,6108,6640
2019,,            Transit and ground passenger transportation,152.522,4.5,108.343,1.1,1078,1168
2019,,            Pipeline transportation,122.362,3.2,113.257,5.7,4006,4537
2019,,            Other transportation and support activities,101.694,2.2,112.503,2,15301,17214
2019,,            Warehousing and storage,125.291,5.6,108.826,-0.1,2580,2808
2019,,        Information,132.237,9.8,107.059,2.7,674,722
2019,,"            Publishing industries, except internet (includes software)",133.251,-2.6,102.778,1.9,214,220
2019,,            Motion picture and sound recording industries,120.889,11.5,109.83,0.3,25,28
2019,,            Broadcasting and telecommunications,81.513,16.8,121.373,5.4,126,152
2019,,"            Data processing, internet publishing, and other information services",180.627,16.6,102.147,2.2,315,322
2019,,"        Finance, insurance, real estate, rental, and leasing",108.59,0.5,115.336,3.2,60273,69517
2019,,            Finance and insurance,101.149,-7.8,106.366,2.6,6516,6931
2019,,"                Federal Reserve banks, credit intermediation, and related activities",98.895,3.5,116.877,1.2,72,84
2019,,"                Securities, commodity contracts, and investments",69.834,70.4,110.947,3,0,0
2019,,                Insurance carriers and related activities,101.171,-7.9,106.254,2.6,6444,6847
2019,,"                Funds, trusts, and other financial vehicles",69.845,70.4,110.947,3,0,0
2019,,            Real estate and rental and leasing,109.45,1.5,116.548,3.3,53700,62586
2019,,                Real estate,108.39,1.3,117.67,3.4,51340,60411
2019,,                    Housing,108.391,1.3,117.67,3.4,51338,60409
2019,,                    Other real estate,91.7,-1.9,114.382,2.8,2,3
2019,,                Rental and leasing services and lessors of intangible assets,144.059,5.3,88.916,-0.3,2446,2175
2019,,        Professional and business services,128.022,4.7,110.667,2.5,10937,12104
2019,,"            Professional, scientific, and technical services",116.353,5,112.412,3,3230,3631
2019,,                Legal services,100.471,-1,115.925,3.6,602,698
2019,,                Computer systems design and related services,347.438,19.9,109.968,2.5,139,153
2019,,"                Miscellaneous professional, scientific, and technical services",116.706,5.9,111.486,2.9,2494,2781
2019,,            Management of companies and enterprises,131.528,19.3,110.947,3,55,61
2019,,            Administrative and waste management services,133.659,4.5,109.926,2.3,7652,8412
2019,,                Administrative and support services,133.6,4.4,109.984,2.3,7643,8406
2019,,                Waste management and remediation services,238.37,41.3,54.955,-20.8,11,6
2019,,"        Educational services, health care, and social assistance",99.356,0.1,110.421,2.1,2836,3132
2019,,            Educational services,97.215,-0.1,110.54,2,2663,2944
2019,,            Health care and social assistance,150.669,4.4,108.239,3.3,174,188
2019,,                Ambulatory health care services,213.109,6.4,101.911,3.7,86,88
2019,,                Hospitals,120.751,3.1,113.629,3,76,86
2019,,                Nursing and residential care facilities,93.319,-2.8,115.097,3.1,7,8
2019,,                Social assistance,128.953,5.5,102.739,1,6,6
2019,,"        Arts, entertainment, recreation, accommodation, and food services",109.801,1.1,113.495,2.8,54384,61723
2019,,"            Arts, entertainment, and recreation",110.918,1.3,111.793,3,13981,15629
2019,,"                Performing arts, spectator sports, museums, and related activities",101.603,3.8,111.454,2.1,1240,1382
2019,,"                Amusements, gambling, and recreation industries",111.917,1.1,111.826,3.1,12740,14247
2019,,            Accommodation and food services,109.44,1,114.062,2.8,40411,46094
2019,,                Accommodation,105.893,1,114.059,2.8,22834,26045
2019,,                Food services and drinking places,114.378,0.9,114.108,2.8,17570,20049
2019,,"        Other services, except government",104.55,-0.8,120.025,4.6,3213,3856
2019,,    Government,103.096,5.2,107.827,1.8,182323,196594
2019,,        Federal,102.584,5.5,108.034,1.8,167665,181135
2019,,            General government,102.587,5.5,108.036,1.8,167560,181025
2019,,                National defense,102.162,5.9,107.834,1.7,153656,165693
2019,,                Nondefense,107.545,1.2,110.249,2.3,13907,15332
2019,,            Government enterprises,98.263,1.8,105.267,0.9,105,110
2019,,        State and local,109.427,2,105.376,2.1,14670,15458
2019,,            General government,115.569,4.5,106.248,1.3,5635,5987
2019,,            Government enterprises,105.767,0.5,104.982,2.5,9022,9472
